ID,MST,Ten_NNT,Dia_chi,CQT
1234,3200256188,Công ty Cổ phần kỹ thuật hạ tầng năng lượng 711,"20 Nguyễn Tri Phương, Khu Phố 3, phường 5, TP Đông Hà, tỉnh Quảng Trị",Chi cục Thuế khu vực XI
1235,3200266732,Công ty Cổ phần Thủy điện Đakrông,"Thôn Xa Lăng, xã Đa Krông, huyện Đa Krông, tỉnh Quảng Trị",Chi cục Thuế khu vực XI
1236,3200573934,Công ty TNHH Một thành viên Phong Điện Ubi Quảng Trị,"Thôn Mới, xã Hướng Linh, huyện Hướng Hoá, tỉnh Quảng Trị",Chi cục Thuế khu vực XI
1237,3200608577,Công ty Cổ phần Năng lượng Quảng Trị,"Số 08 đường Thân Nhân Trung, phường Đông Lương, TP Đông Hà, tỉnh Quảng Trị",Chi cục Thuế khu vực XI
1238,3100405534-003,Chi nhánh Công ty Cổ phần Thủy điện Trường Sơn tại Quảng Trị,"ThônPahy, xã Tà Long, huyện Đa Krông, tỉnh Quảng Trị",Chi cục Thuế khu vực XI
1239,3200622959,Công ty Cổ phần Thủy điện Bản Mới,"Thôn Xa Lăng, xã Đa Krông, huyện Đa Krông, tỉnh Quảng Trị",Chi cục Thuế khu vực XI
1240,0107884601,Công ty Cổ phần Thủy điện Lộc Nam,"Số nhà 25, Đường Thanh Tịnh, Khu phố 2, phường 5, TP Đông Hà, tỉnh Quảng Trị",Chi cục Thuế khu vực XI
1241,0400599162-003,Chi nhánh Công ty Cổ phần Đầu tư Điện Lực 3 tại Quảng Trị,"Thôn Húc Nghì, xã Húc Nghì, huyện Đa Krông, tỉnh Quảng Trị",Chi cục Thuế khu vực XI
1242,3200643525,Công ty Cổ phần Seco,"Thôn Nhĩ Hạ, xã Gio Hải, huyện Gio Linh, tỉnh Quảng Trị",Chi cục Thuế khu vực XI
1243,3100317359-001,Chi nhánh Công ty Cổ phần Tổng Công ty Tân Hoàn Cầu tại Quảng Trị,"Số 291 Quốc lộ 9, phường 3, TP Đông Hà, tỉnh Quảng Trị",Chi cục Thuế khu vực XI
1244,3200643701,Công ty Cổ phần Khai Thác Năng lượng Quảng Trị,"Km 72, Quốc lộ 9, xã Tân Long, huyện Hướng Hoá, tỉnh Quảng Trị",Chi cục Thuế khu vực XI
1245,3200646413,Công ty Cổ phần Điện gió Hướng Linh 3,"Thôn Cooc, xã Hướng Linh, huyện Hướng Hoá, tỉnh Quảng Trị",Chi cục Thuế khu vực XI
1246,3200649453,Công ty Cổ phần Điện gió Hướng Linh 4,"Thôn Cooc, xã Hướng Linh, huyện Hướng Hoá, tỉnh Quảng Trị",Chi cục Thuế khu vực XI
1247,3200655224,Công ty Cổ phần Điện gió Hướng Linh 5,"Thôn Cooc, xã Hướng Linh, huyện Hướng Hoá, tỉnh Quảng Trị",Chi cục Thuế khu vực XI
1248,3200677549,Công ty Trách nhiệm hữu hạn Điện gió Hướng Phùng,"Số 03, Nguyễn Viết Xuân, thị trấn Khe Sanh, huyện Hướng Hoá, tỉnh Quảng Trị",Chi cục Thuế khu vực XI
1249,3200679472,Công ty Cổ phần Điện gió HLP Quảng Trị,"Số 190 Lê Duẩn, thị trấn Khe Sanh, huyện Hướng Hoá, tỉnh Quảng Trị",Chi cục Thuế khu vực XI
1250,3200684803,Công ty TNHH Đầu tư Hướng Sơn,"Thôn Ta Liêng, xã Đa Krông, huyện Đa Krông, tỉnh Quảng Trị",Chi cục Thuế khu vực XI
1251,3200685620,Công ty TNHH Năng lượng Gelex Quảng Trị,"Thôn Xa Bai, xã Hướng Linh, huyện Hướng Hoá, tỉnh Quảng Trị",Chi cục Thuế khu vực XI
1252,3200688847,Công ty Cổ phần Điện gió Liên Lập,"Thôn Của, xã Hướng Tân, huyện Hướng Hoá, tỉnh Quảng Trị",Chi cục Thuế khu vực XI
1253,3200688815,Công ty Cổ phần Điện gió Hướng Tân,"Thôn Của, xã Hướng Tân, huyện Hướng Hoá, tỉnh Quảng Trị",Chi cục Thuế khu vực XI
1254,3200688822,Công ty Cổ phần Điện gió Tân Linh,"Thôn Của, xã Hướng Tân, huyện Hướng Hoá, tỉnh Quảng Trị",Chi cục Thuế khu vực XI
1255,3200694985,Công ty Cổ phần Điện gió Thăng Long - Hướng Sơn 1,"Đường K2 – Khu công nghiệp Nam Đông Hà, phường Đông Lương, TP Đông Hà, tỉnh Quảng Trị",Chi cục Thuế khu vực XI
1256,3200695107,Công ty Cổ phần Điện gió Thăng Long - Hướng Sơn 2,"Đường K2 – Khu công nghiệp Nam Đông Hà, phường Đông Lương, TP Đông Hà, tỉnh Quảng Trị",Chi cục Thuế khu vực XI
1257,3200696238,Công ty Cổ phần Năng lượng MT6,"Thôn Tân Lịch, xã Gio Sơn, huyện Gio Linh, tỉnh Quảng Trị",Chi cục Thuế khu vực XI
1258,3200697915,Công ty Cổ phần Năng lượng Tái Tạo Gio Mỹ,"Thôn An Mỹ, xã Gio Mỹ, huyện Gio Linh, tỉnh Quảng Trị",Chi cục Thuế khu vực XI
1259,0401994334,Công ty Cổ phần Điện gió Phong Huy,"Số 56 Lê Duẩn, thị trấn Khe Sanh, huyện Hướng Hoá, tỉnh Quảng Trị",Chi cục Thuế khu vực XI
1260,0401994327,Công ty Cổ phần Điện gió Phong Nguyên,"Số 1, Ngõ 23, Đường Hùng Vương, thị trấn Khe Sanh, huyện Hướng Hoá, tỉnh Quảng Trị",Chi cục Thuế khu vực XI
1261,3200698468,Công ty Cổ phần Điện gió Phong Liệu,"Thôn Xa Lăng, xã Đa Krông, huyện Đa Krông, tỉnh Quảng Trị",Chi cục Thuế khu vực XI
1262,3200699951,Công ty Cổ phần Điện gió Licogi 16 Quảng Trị 2,"Đường Nguyễn Trung Trực, Khu phố 7, phường 3, TP Đông Hà, tỉnh Quảng Trị",Chi cục Thuế khu vực XI
1263,3200699969,Công ty Cổ phần Điện gió Licogi 16 Quảng Trị 1,"Đường Nguyễn Trung Trực, Khu phố 7, phường 3, TP Đông Hà, tỉnh Quảng Trị",Chi cục Thuế khu vực XI
1264,3200700325,Công ty Cổ phần Quang Năng Nam Phát,"Kiệt 02 đường Trương Công Kỉnh, phường Đông Lễ, TP Đông Hà, tỉnh Quảng Trị",Chi cục Thuế khu vực XI
1265,3200705845,Công ty Cổ phần Điện gió Hướng Hiệp 1,"Số 8, đường Thân Nhân Trung, phường Đông Lương, TP Đông Hà, tỉnh Quảng Trị",Chi cục Thuế khu vực XI
1266,3200706768,Công ty Cổ phần Điện gió Hướng Linh 8,"Thôn Xa Bai, xã Hướng Linh, huyện Hướng Hoá, tỉnh Quảng Trị",Chi cục Thuế khu vực XI
1267,3200650561,Công ty Cổ phần Điện gió Hướng Linh 2,"Thôn Cooc, xã Hướng Linh, huyện Hướng Hoá, tỉnh Quảng Trị",Chi cục Thuế khu vực XI
1268,3200643518,Công ty Cổ phần Năng lượng Gio Thành,"Thôn Nhĩ Hạ, xã Gio Hải, huyện Gio Linh, tỉnh Quảng Trị",Chi cục Thuế khu vực XI
1269,3200706750,Công ty Cổ phần Điện gió Hướng Linh 7,"Thôn Xa Bai, xã Hướng Linh, huyện Hướng Hoá, tỉnh Quảng Trị",Chi cục Thuế khu vực XI
1270,3200707659,Công ty Cổ phần Energy Kiều Thi Quảng Trị,"Số 68B đường Lê Duẩn, phường 2, TP Đông Hà, tỉnh Quảng Trị",Chi cục Thuế khu vực XI
1271,3200708003,Công ty TNHH Long Hoàng Thiên,"Số 54/12 Nguyễn Trãi, phường 1, TP Đông Hà, tỉnh Quảng Trị",Chi cục Thuế khu vực XI
1272,3200708814,Công ty Cổ phần LIG - Hướng Hóa 1,"Số 45 đường Hồ Chí Minh Tây, Khối 1, thị trấn Khe Sanh, huyện Hướng Hoá, tỉnh Quảng Trị",Chi cục Thuế khu vực XI
1273,3200708765,Công ty Cổ phần LIG - Hướng Hóa 2,"Số 37 đường Lý Thường Kiệt, phường Đông Lương, TP Đông Hà, tỉnh Quảng Trị",Chi cục Thuế khu vực XI
1274,3200708860,Công ty TNHH MTV Mặt Trời Đỏ,"Số 6A đường Võ Thị Sáu, phường 1, TP Đông Hà, tỉnh Quảng Trị",Chi cục Thuế khu vực XI
1275,3200708878,Công ty TNHH MTV Sunny Quảng Trị,"Số 10 đường Võ Thị Sáu, phường 1, TP Đông Hà, tỉnh Quảng Trị",Chi cục Thuế khu vực XI
1276,3200709864,Công ty Cổ phần Năng lượng Phương Nam,"KCN Quán Ngang, xã Gio Quang, huyện Gio Linh, tỉnh Quảng Trị",Chi cục Thuế khu vực XI
1277,3200710027,Công ty Cổ phần Điện gió Thành An,"Thôn Hà Thanh, xã Gio Châu, huyện Gio Linh, tỉnh Quảng Trị",Chi cục Thuế khu vực XI
1278,3200710108,Công ty Cổ phần Quỹ Đầu tư Israel,"Thôn Động Sỏi, xã Kim Thạch, huyện Vĩnh Linh, tỉnh Quảng Trị",Chi cục Thuế khu vực XI
1279,3200710411,Công ty Cổ phần Điện gió Hướng Hiệp - THC,"Số 08, đường Thân Nhân Trung, phường Đông Lương, TP Đông Hà, tỉnh Quảng Trị",Chi cục Thuế khu vực XI
1280,3200710228,Công ty Cổ phần Điện gió Khe Sanh,"Thôn Tà Ri 2, xã Húc, huyện Hướng Hoá, tỉnh Quảng Trị",Chi cục Thuế khu vực XI
1281,3200710972,Công ty TNHH Vĩnh Đại Quảng Trị,"Số 10/139 Nguyễn Bỉnh Khiêm, phường 1, TP Đông Hà, tỉnh Quảng Trị",Chi cục Thuế khu vực XI
1282,3200711013,Công ty TNHH An Thái Quảng Trị,"Số 212 đường Lý Thường Kiệt, Khu phố 7, phường 5, TP Đông Hà, tỉnh Quảng Trị",Chi cục Thuế khu vực XI
1283,3200711165,Công ty Cổ phần Phong Điện Hải Anh - Quảng Trị,"Khu Đồi Chua, Khóm Ka Túp, thị trấn Lao Bảo, huyện Hướng Hoá, tỉnh Quảng Trị",Chi cục Thuế khu vực XI
1284,3200711447,Công ty TNHH Năng lượng xanh Trường Phú,"Số 02 Lê Thế Tiết, Khu phố 3, phường 2, TP Đông Hà, tỉnh Quảng Trị",Chi cục Thuế khu vực XI
1285,3200711503,Công ty TNHH Đầu tư Năng lượng Rồng Việt,"Số 11A đường Nguyễn Quang Xá, phường Đông Lương, TP Đông Hà, tỉnh Quảng Trị",Chi cục Thuế khu vực XI
1286,3200711768,Công ty Cổ phần Năng lượng Trường Danh,"Thôn Hà Thanh, xã Gio Châu, huyện Gio Linh, tỉnh Quảng Trị",Chi cục Thuế khu vực XI
1287,3200711937,Công ty TNHH Năng lượng tái tạo Win - Solar,"156 Hàm Nghi, phường 5, TP Đông Hà, tỉnh Quảng Trị",Chi cục Thuế khu vực XI
1288,3200712218,Công ty Trách nhiệm hữu hạn Thôn Động Sỏi,"Thôn Động Sỏi, xã Kim Thạch, huyện Vĩnh Linh, tỉnh Quảng Trị",Chi cục Thuế khu vực XI
1289,3200712225,Công ty Trách nhiệm hữu hạn Khu Phố Cát,"Thôn Động Sỏi, xã Kim Thạch, huyện Vĩnh Linh, tỉnh Quảng Trị",Chi cục Thuế khu vực XI
1290,3200712930,Công ty TNHH New Energy Rồng Việt,"Số 15/17 đường Nguyễn Thị Lý, thị trấn Diên Sanh, huyện Hải Lăng, tỉnh Quảng Trị",Chi cục Thuế khu vực XI
1291,3200712962,Công ty TNHH MTV Hồng Quân Solar,"01 Lê Hồng Phong, phường 5, TP Đông Hà, tỉnh Quảng Trị",Chi cục Thuế khu vực XI
1292,0316510374,Công ty Cổ phần Đầu tư Năng lượng Vĩnh Linh,"Khu phố 3, phường Đông Lương, TP Đông Hà, tỉnh Quảng Trị",Chi cục Thuế khu vực XI
1293,1101952568-001,Hệ Thống Điện mặt trời mái nhà QT 04,"Khu Công nghiệp Quán Ngang, xã Gio Quang, huyện Gio Linh, tỉnh Quảng Trị",Chi cục Thuế khu vực XI
1294,3200713596,Công ty Cổ phần Năng lượng Xanh Đakrông,"Thôn Xa Lăng, xã Đa Krông, huyện Đa Krông, tỉnh Quảng Trị",Chi cục Thuế khu vực XI
1295,3200714617,Công ty TNHH Bảo Nhi Phú Hưng,"Thôn Phú Hưng, xã Hải Phú, huyện Hải Lăng, tỉnh Quảng Trị",Chi cục Thuế khu vực XI
1296,3200683126,Công ty Cổ phần Sơn Hải Thủy điện Quảng Trị,"Thôn Ta Liêng, xã Đa Krông, huyện Đa Krông, tỉnh Quảng Trị",Chi cục Thuế khu vực XI
1297,3200708130,Công ty Cổ phần Điện gió Tân Linh,"Thôn Của, xã Hướng Tân, huyện Hướng Hoá, tỉnh Quảng Trị",Chi cục Thuế khu vực XI
1298,3200708148,Công ty Cổ phần Điện gió Hướng Tân,"Thôn Của, xã Hướng Tân, huyện Hướng Hoá, tỉnh Quảng Trị",Chi cục Thuế khu vực XI
1299,3200711510,Công ty Cổ phần Điện gió Phong Huy,"Số 56 Lê Duẩn, thị trấn Khe Sanh, huyện Hướng Hoá, tỉnh Quảng Trị",Chi cục Thuế khu vực XI
1300,3200711694,Công ty Cổ phần Điện gió Liên Lập,"Thôn Của, xã Hướng Tân, huyện Hướng Hoá, tỉnh Quảng Trị",Chi cục Thuế khu vực XI
1301,3200711704,Công ty Cổ phần Điện gió Phong Nguyên,"Số 1, Ngõ 23, Đường Hùng Vương, thị trấn Khe Sanh, huyện Hướng Hoá, tỉnh Quảng Trị",Chi cục Thuế khu vực XI
1302,3200714511,Thầu Dự Án Nhà Máy Điện gió Hướng Linh 3 tại Quảng Trị,"Thôn Cooc, xã Hướng Linh, huyện Hướng Hoá, tỉnh Quảng Trị",Chi cục Thuế khu vực XI
1303,3200710355,Công ty TNHH Một thành viên Điện mặt trời Quảng Trị,"Thôn Nhĩ Hạ, xã Gio Hải, huyện Gio Linh, tỉnh Quảng Trị",Chi cục Thuế khu vực XI
1304,3200714790,"Chunjo Corporation Co., Ltd.","Tiểu khu 693 RPH, xã Tân Thành, huyện Hướng Hoá, tỉnh Quảng Trị",Chi cục Thuế khu vực XI
1305,3200714624,"Chunjo Corporation Co., Ltd.","Tiểu khu 692 RPH, xã Tân Thành, huyện Hướng Hoá, tỉnh Quảng Trị",Chi cục Thuế khu vực XI
1306,3200718594,Công ty TNHH Năng lượng xanh Lộc Phát Quảng Trị,"Số nhà 43/2 Nguyễn Trãi, Khu phố 8, phường 1, TP Đông Hà, tỉnh Quảng Trị",Chi cục Thuế khu vực XI
1307,3200718731,Công ty CP Tư vấn Xây dựng và Năng lượng Hoàng Bá,"Thôn Trà Trì Phú, xã Hải Hưng, huyện Hải Lăng, tỉnh Quảng Trị",Chi cục Thuế khu vực XI
1308,3200711091,Công ty TNHH Thành Cổ Quảng Trị,"Thôn Động Sỏi, xã Kim Thạch, huyện Vĩnh Linh, tỉnh Quảng Trị",Chi cục Thuế khu vực XI
1309,3200193178,Công ty Cổ phần Thiên Tân,"Khu phố 7, phường 3, TP Đông Hà, tỉnh Quảng Trị",Đội Thuế liên huyện Đông Hà - Cam Lộ
1310,3200264157,Công ty Cổ phần Bia Hà Nội-Quảng Trị,"Đường RD6 - Khu Công nghiệp Quán Ngang, xã Gio Quang, huyện Gio Linh, tỉnh Quảng Trị",Chi cục Thuế khu vực XI
1311,3200193178-002,Chi nhánh Xí nghiệp Xây dựng Công trình - Công ty Cổ phần Thiên Tân,"Cụm Công Nghiệp Cam Hiếu, xã Cam Hiếu, huyện Cam Lộ, tỉnh Quảng Trị",Đội Thuế liên huyện Đông Hà - Cam Lộ
1312,3200193178-001,Chi nhánh Xí nghiệp Sản xuất Vật liệu Xây dựng - Công ty Cổ phần Thiên Tân,"Số 124 đường Lê Duẩn, phường 1, thị xã Quảng Trị, tỉnh Quảng Trị",Đội Thuế liên huyện Đông Hà - Cam Lộ
1313,1800590430-003,Công ty Thủy điện Quảng Trị - Chi nhánh Tổng Công ty Phát điện 2 - Công ty Cổ phần,"Khu phố 8, phường 5, TP Đông Hà, tỉnh Quảng Trị",Chi cục Thuế khu vực XI
1314,3200193178-004,Chi nhánh Xí nghiệp Khai thác đá Tân Lâm - Công ty Cổ phần Thiên Tân,"Thôn Thượng Lâm, xã Cam Thành, huyện Cam Lộ, tỉnh Quảng Trị",Đội Thuế liên huyện Đông Hà - Cam Lộ
1315,3200193178-005,Chi nhánh Công ty Cổ phần Thiên Tân - Xí nghiệp chế biến đá xây dựng,"Thôn Thượng Lâm, xã Cam Thành, huyện Cam Lộ, tỉnh Quảng Trị",Đội Thuế liên huyện Đông Hà - Cam Lộ
1316,3200590859,Công ty Cổ phần Bia Hà Nội - Quảng Trị,"Đường RD6 - Khu Công nghiệp Quán Ngang, xã Gio Quang, huyện Gio Linh, tỉnh Quảng Trị",Chi cục Thuế khu vực XI
1317,3200042517,Công ty Cổ phần Xuất nhập khẩu Quảng Trị,"18 Lê Lợi, phường 5, TP Đông Hà, tỉnh Quảng Trị",Chi cục Thuế khu vực XI
1318,3200041739,Công ty Cổ phần Du lịch Mê Kông,"Số 66 đường Lê Duẩn, phường 1, TP Đông Hà, tỉnh Quảng Trị",Chi cục Thuế khu vực XI
1319,3200144029,Công ty Cổ phần Dịch vụ Vận tải Ô tô Quảng Trị,"Số 49 đường Lý Thường Kiệt, phường Đông Lương, TP Đông Hà, tỉnh Quảng Trị",Chi cục Thuế khu vực XI
1320,3200133771,Công ty Cổ phần Bắc Trung Bộ,"Km 4, tỉnh lộ 571 Cụm công nghiệp làng nghề Bắc Hồ Xá, xã Vĩnh Long, huyện Vĩnh Linh, tỉnh Quảng Trị",Chi cục Thuế khu vực XI
1321,3200139205,Công ty Cổ phần Đầu tư và Dịch vụ Thương mại Du lịch Cửa Tùng,"Khu phố Hòa Lý, thị trấn Cửa Tùng, huyện Vĩnh Linh, tỉnh Quảng Trị",Chi cục Thuế khu vực XI
1322,3200179127,Công ty Cổ phần Vật tư kỹ thuật nông nghiệp Tỉnh Quảng Trị,"Số 262 Lê Duẩn, phường Đông Lễ, TP Đông Hà, tỉnh Quảng Trị",Chi cục Thuế khu vực XI
1323,3200193139,Công ty Cổ phần Đầu tư và Phát triển cơ sở hạ tầng Quảng Trị,"Số 53 Lê Lợi, phường 5, TP Đông Hà, tỉnh Quảng Trị",Đội Thuế liên huyện Đông Hà - Cam Lộ
1324,3200193146,Công ty Cổ phần Cà Phê Khe Sanh,"Km 20, Quốc lộ 9, xã Cam Thành, huyện Cam Lộ, tỉnh Quảng Trị",Chi cục Thuế khu vực XI
1325,3200135169,Công ty Cổ phần sách và thiết bị trường học Quảng Trị,"Số 51 Lê Lợi, phường 5, TP Đông Hà, tỉnh Quảng Trị",Chi cục Thuế khu vực XI
1326,3200201291,Công ty Cổ phần Kadico,"659 Lê Duẫn, phường Đông Lương, TP Đông Hà, tỉnh Quảng Trị",Chi cục Thuế khu vực XI
1327,3200232074,Công ty Cổ phần Cát Hưng Thịnh,"Số 162 Lý Thường Kiệt, phường 5, TP Đông Hà, tỉnh Quảng Trị",Chi cục Thuế khu vực XI
1328,3200238439,Công Ty Cổ phần Đầu tư Hiệp Thành - Lao Bảo,"Thị trấn Lao Bảo, huyện Hướng Hoá, tỉnh Quảng Trị",Chi cục Thuế khu vực XI
1329,3200263410,Công ty Cổ phần Thương mại và Xuất nhập khẩu Việt Hồng Chinh,"Tầng 2 số 08, Đường Phan Chu Trinh, phường 1, TP Đông Hà, tỉnh Quảng Trị",Chi cục Thuế khu vực XI
1330,3200283551,Công ty Cổ phần Đầu tư Cao Su S.G.S,"Khu công nghiệp nam Đông hà, phường Đông lương, TP Đông Hà, tỉnh Quảng Trị",Chi cục Thuế khu vực XI
1331,3200382009,Công ty Cổ phần Bệnh viện Đa khoa Khải Hoàn,"Số 27 Lê Qúy Đôn, phường 1, TP Đông Hà, tỉnh Quảng Trị",Chi cục Thuế khu vực XI
1332,3200193146-001,CN Công ty CP Nông sản Tân Lâm tại Hướng Hóa,"Khóm 1 Thị trấn Khe Sanh, huyện Hướng Hoá, tỉnh Quảng Trị",Chi cục Thuế khu vực XI
1333,3200135169-001,Cửa Hàng Sách Văn Hoá Phẩm và Thiết Bị Trường Học,"25 Trần Hưng Đạo, TP Đông Hà, tỉnh Quảng Trị",Chi cục Thuế khu vực XI
1334,3200040982,Công ty Cổ phần Minh Hưng Quảng Trị,"Km 8, Quốc lộ 9, phường 4, TP Đông Hà, tỉnh Quảng Trị",Đội Thuế liên huyện Đông Hà - Cam Lộ
1335,3200040982-002,Xí nghiệp Gạch ngói Tuy Nen Đông Hà,"KM 7  quốc lộ 9 phường 4, TP Đông Hà, tỉnh Quảng Trị",Đội Thuế liên huyện Đông Hà - Cam Lộ
1336,3200040982-005,XN Chế biến xuất nhập khẩu Thủy sản Cửa Việt,"Triệu an, huyện Triệu Phong, tỉnh Quảng Trị",Đội Thuế liên huyện Đông Hà - Cam Lộ
1337,3200152132,Công ty Cổ phần Du lịch Quảng Trị,"Số 68 Trần Hưng Đạo, phường 1, TP Đông Hà, tỉnh Quảng Trị",Chi cục Thuế khu vực XI
1338,3200567578,Công ty Cổ phần Triệu An Quảng Trị,"Khu phố 4, phường Đông Lễ, TP Đông Hà, tỉnh Quảng Trị",Chi cục Thuế khu vực XI
1339,3200567761,Công ty Cổ phần Kiến Trúc Vương Gia,"09 Võ Thị Sáu, phường 1, TP Đông Hà, tỉnh Quảng Trị",Chi cục Thuế khu vực XI
1340,3200568395,Công ty Cổ phần Núi Rồng Quảng Trị,"Cụm sản xuất công nghiệp tập trung Tây Bắc Lao Bảo, Khóm Tru, thị trấn Lao Bảo, huyện Hướng Hoá, tỉnh Quảng Trị",Chi cục Thuế khu vực XI
1341,3200568282,Công ty Cổ phần Tuấn Lộc Quảng Trị,"Khu Công nghiệp Nam Đông Hà, phường Đông Lương, TP Đông Hà, tỉnh Quảng Trị",Chi cục Thuế khu vực XI
1342,3200574409,Công ty Cổ phần May Quảng Trị,"Số 79 đường Lê Duẩn, phường 1, thị xã Quảng Trị, tỉnh Quảng Trị",Chi cục Thuế khu vực XI
1343,3200152132-004,Chi nhánh Công ty Cổ phần Du lịch Quảng Trị,"68 Trần Hưng Đạo, phường 1, TP Đông Hà, tỉnh Quảng Trị",Chi cục Thuế khu vực XI
1344,3200591468,Công ty Cổ phần Đầu tư Quảng Việt,"Khu Công nghiệp Nam Đông Hà, phường Đông Lương, TP Đông Hà, tỉnh Quảng Trị",Chi cục Thuế khu vực XI
1345,3200596219,Công ty Cổ phần Xây dựng Viễn Thông Việt Nam,"Khu Công nghiệp Nam Đông Hà, phường Đông Lương, TP Đông Hà, tỉnh Quảng Trị",Chi cục Thuế khu vực XI
1346,3200599139,Công ty Cổ phần Lộc Thiên Phú Quảng Trị,"Cụm Công nghiệp Hải Chánh, xã Hải Chánh, huyện Hải Lăng, tỉnh Quảng Trị",Chi cục Thuế khu vực XI
1347,3200615373,Công ty Cổ phần Đầu tư Xăng dầu Việt Lào,"Km 5 + 400, Đường Điện Biên Phủ, phường Đông Lễ, TP Đông Hà, tỉnh Quảng Trị",Chi cục Thuế khu vực XI
1348,3200628333,Doanh nghiệp tư nhân Xây dựng HQ 379 Quảng Trị,"37 Lý Thường Kiệt, phường Đông Lương, TP Đông Hà, tỉnh Quảng Trị",Chi cục Thuế khu vực XI
1349,3200633950,Công ty TNHH Vinadi,"Khu phố 3, phường Đông Lương, TP Đông Hà, tỉnh Quảng Trị",Chi cục Thuế khu vực XI
1350,3200643081,Công ty Trách nhiệm hữu hạn Đầu tư Xây dựng Tổng hợp Tấn Phát,"66/7A Nguyễn Du, phường 5, TP Đông Hà, tỉnh Quảng Trị",Chi cục Thuế khu vực XI
1351,3200643123,Công ty Cổ phần Đầu tư Công nghệ Môi Trường GFC,"Số nhà 47 Tôn Thất Tùng, Khu phố 3, phường 5, TP Đông Hà, tỉnh Quảng Trị",Chi cục Thuế khu vực XI
1352,3200643719,Công ty Cổ phần Đầu tư Nguyễn Trần Plus,"Số 25 đường Phạm Đình Hổ, phường 5, TP Đông Hà, tỉnh Quảng Trị",Chi cục Thuế khu vực XI
1353,3200647537,Công ty Trách nhiệm hữu hạn Xây dựng Thương mại và Dịch vụ Thiên Mai,"Thôn Tăng Cô, xã A Túc (hết hiệu lực), huyện Hướng Hoá, tỉnh Quảng Trị",Chi cục Thuế khu vực XI
1354,3200658465,Công ty Cổ phần Đại Phước Quang,"Số 162 Trần Hưng Đạo, phường 3, TP Đông Hà, tỉnh Quảng Trị",Chi cục Thuế khu vực XI
1355,3200658514,Công ty Trách nhiệm hữu hạn Heh,"Tầng 3, Tòa nhà 242 Quốc lộ 9, phường 1, TP Đông Hà, tỉnh Quảng Trị",Chi cục Thuế khu vực XI
1356,3200661108,Công ty TNHH Xây dựng và Thương mại Hiệp Hoàng Phát,"Km 11, Quốc Lộ 9, Thôn Tân Trúc, xã Cam Hiếu, huyện Cam Lộ, tỉnh Quảng Trị",Chi cục Thuế khu vực XI
1357,3200662006,Công ty Cổ phần KLG,"Thôn Kim Giao, xã Hải Dương, huyện Hải Lăng, tỉnh Quảng Trị",Chi cục Thuế khu vực XI
1358,3200667212,Công ty TNHH MTV Thành Quang Vinh,"Thôn Tân Sơn, xã Tân Lập, huyện Hướng Hoá, tỉnh Quảng Trị",Chi cục Thuế khu vực XI
1359,3200667484,Công ty Cổ phần SHT Quảng Trị,"184 Quốc Lộ 9, phường 1, TP Đông Hà, tỉnh Quảng Trị",Chi cục Thuế khu vực XI
1360,3200669925,Công ty TNHH Một thành viên Xây dựng Miền Trung Quảng Trị,"Kiệt 169 Hàm Nghi, Khu phố 10, phường 5, TP Đông Hà, tỉnh Quảng Trị",Chi cục Thuế khu vực XI
1361,3200686310,Công ty TNHH Đại Hoàng Anh Bến Quan,"Khóm 11, thị trấn Bến Quan, huyện Vĩnh Linh, tỉnh Quảng Trị",Chi cục Thuế khu vực XI
1362,3200041048,Công ty Xăng Dầu Quảng Trị,"Số 02 Lê Lợi, phường 5, TP Đông Hà, tỉnh Quảng Trị",Chi cục Thuế khu vực XI
1363,0400100545-006,Chi nhánh Công ty Cổ phần Xây Lắp Thành An 96 tại Quảng Trị,"Số 34 đường Nguyễn Du, phường 5, TP Đông Hà, tỉnh Quảng Trị",Chi cục Thuế khu vực XI
1364,3200642377,Công ty TNHH Xây dựng Thủy điện Đakrông,"Thôn TaLiêng, xã Đa Krông, huyện Đa Krông, tỉnh Quảng Trị",Chi cục Thuế khu vực XI
1365,1000336805-012,Chi nhánh Công ty TNHH Vận tải Thuỷ Bộ Hải Hà tại Quảng Trị,"Số 3 Lương Định Của, phường Đông Lương, TP Đông Hà, tỉnh Quảng Trị",Chi cục Thuế khu vực XI
1366,5500600660-001,Chi nhánh Công ty TNHH Khoáng sản Bảo Ngọc Tây Bắc tại Quảng Trị,"Thôn Xuân Lâm, xã Triệu Nguyên, huyện Đa Krông, tỉnh Quảng Trị",Chi cục Thuế khu vực XI
1367,3200042669,Công ty Cổ phần Khoáng sản Quảng Trị,"Đường Nguyễn Du, thị trấn Hồ Xá, huyện Vĩnh Linh, tỉnh Quảng Trị",Chi cục Thuế khu vực XI
1368,3200042161,Công ty Cổ phần Tân Hưng,"Km 753 Quốc Lộ 1A, xã Thanh An, huyện Cam Lộ, tỉnh Quảng Trị",Chi cục Thuế khu vực XI
1369,3200041376,Công ty Cổ phần Gạch ngói Quảng Trị,"Km 10 Quốc lộ 9, xã Cam Hiếu, huyện Cam Lộ, tỉnh Quảng Trị",Chi cục Thuế khu vực XI
1370,3200100303,Công ty Trách nhiệm hữu hạn Minh Hưng,"Số 46 đường Lê Duẩn, phường 1, TP Đông Hà, tỉnh Quảng Trị",Đội Thuế liên huyện Đông Hà - Cam Lộ
1371,3200225510,Công ty Trách nhiệm hữu hạn Phước Thành,"Khóm Trung Chín, thị trấn Lao Bảo, huyện Hướng Hoá, tỉnh Quảng Trị",Chi cục Thuế khu vực XI
1372,3200040982-001,Xí nghiệp Gạch ngói Tuy Nen Linh Đơn,"Xã vĩnh hoà, huyện Vĩnh Linh, tỉnh Quảng Trị",Đội Thuế liên huyện Đông Hà - Cam Lộ
1373,3200384937,Công ty Cổ phần Đầu tư và Khoáng sản Vico Quảng Trị,"Thôn Trà Trì Phú, xã Hải Hưng, huyện Hải Lăng, tỉnh Quảng Trị",Chi cục Thuế khu vực XI
1374,3200100303-001,Trung tâm Giao dịch Thương mại Dịch vụ Chi nhánh Lao Bảo,"Lô DV Số 8 khu công nghiệp TM, huyện Hướng Hoá, tỉnh Quảng Trị",Chi cục Thuế khu vực XI
1375,3200042669-001,Xí nghiệp Than Sạch,"Trúc Lâm gio quang, huyện Gio Linh, tỉnh Quảng Trị",Chi cục Thuế khu vực XI
1376,3200042669-002,Chi nhánh Công ty Cổ phần Khoáng sản Quảng Trị - Xí nghiệp Sản xuất và Kinh doanh vật liệu Xây dựng,"Khóm Hải Nghĩa, thị trấn Hồ Xá, huyện Vĩnh Linh, tỉnh Quảng Trị",Chi cục Thuế khu vực XI
1377,3200460151,Công ty Cổ phần Kim Tín Quảng Trị,"Khu công nghiệp Quán Ngang, xã Gio Quang, huyện Gio Linh, tỉnh Quảng Trị",Chi cục Thuế khu vực XI
1378,3200042669-003,Chi nhánh Công ty Cổ phần Khoáng sản Quảng Trị - Xí nghiệp khai thác Titan,"Thôn Tân Mạch, xã Vĩnh Thái, huyện Vĩnh Linh, tỉnh Quảng Trị",Chi cục Thuế khu vực XI
1379,3200042669-004,Chi nhánh Công ty Cổ phần Khoáng sản Quảng Trị - Xí nghiệp nghiền zircon Siêu Mịn,"Khu Công nghiệp Quán Ngang, Thôn Trúc Lâm, xã Gio Quang, huyện Gio Linh, tỉnh Quảng Trị",Chi cục Thuế khu vực XI
1380,3200511208,Công ty Cổ phần Kim Ngọc Thạch,"Số 357 Lê Duẩn, phường Đông Lễ, TP Đông Hà, tỉnh Quảng Trị",Chi cục Thuế khu vực XI
1381,3200508195,Công ty Trách nhiệm hữu hạn Một thành viên Nhật Tân Tứ Hải,"Đường Thanh Niên, Khu phố 4, phường Đông Giang, TP Đông Hà, tỉnh Quảng Trị",Chi cục Thuế khu vực XI
1382,3200042669-005,Chi nhánh Công ty Cổ phần Khoáng sản Quảng Trị - Xí nghiệp Ilmenite Hoàn Nguyên,"Thửa đất số 987, Khu Công nghiệp Quán Ngang, xã Gio Quang, huyện Gio Linh, tỉnh Quảng Trị",Chi cục Thuế khu vực XI
1383,3200561449,Công ty Cổ phần Khoáng sản Lào Cai Quảng Trị,"Đường Trần Bình Trọng, Khu phố 7, phường 3, TP Đông Hà, tỉnh Quảng Trị",Chi cục Thuế khu vực XI
1384,5800268460-006,Chi nhánh Công ty Trách nhiệm hữu hạn Phát triển Khoáng sản Duy Tân tại tỉnh Quảng Trị,"169 Quốc Lộ 9, phường 5, TP Đông Hà, tỉnh Quảng Trị",Chi cục Thuế khu vực XI
1385,3200042669-007,Chi nhánh Công ty Cổ phần Khoáng sản Quảng Trị - Trung tâm huấn luyện kỹ thuật an toàn lao động,"Khu Công nghiệp Quán Ngang, xã Gio Quang, huyện Gio Linh, tỉnh Quảng Trị",Chi cục Thuế khu vực XI
1386,3200042669-006,Chi nhánh Công ty Cổ phần Khoáng sản Quảng Trị - Xí nghiệp chế biến cát Qfico,"Thôn Thủy Tú 2, xã Vĩnh Tú, huyện Vĩnh Linh, tỉnh Quảng Trị",Chi cục Thuế khu vực XI
1387,3200628943,Công ty Cổ phần Khai thác Khoáng sản Hưng Phát Quảng Trị,"Quốc lộ 1A, thị trấn Hồ Xá, huyện Vĩnh Linh, tỉnh Quảng Trị",Chi cục Thuế khu vực XI
1388,3200631551,Công ty Cổ phần Sacha - Inchi Việt Thái,"Tầng 2, số nhà 242 Quốc lộ 9, Khu phố 4, phường 1, TP Đông Hà, tỉnh Quảng Trị",Chi cục Thuế khu vực XI
1389,3200632097,Công ty Trách nhiệm hữu hạn International Eco Farm,"Tầng 2, Tòa nhà 242 Quốc lộ 9, phường 1, TP Đông Hà, tỉnh Quảng Trị",Chi cục Thuế khu vực XI
1390,3200641905,Công ty TNHH Một thành viên NHV Quảng Trị,"Khóm 6, thị trấn Diên Sanh, huyện Hải Lăng, tỉnh Quảng Trị",Chi cục Thuế khu vực XI
1391,3200642698,Công ty Cổ phần Phát triển Trường Sơn Đông,"Khu phố 10, phường 5, TP Đông Hà, tỉnh Quảng Trị",Chi cục Thuế khu vực XI
1392,3200643973,Công ty TNHH Goldensand,"Tầng 1, số 168 Nguyễn Du, Khu phố 5, phường 1, TP Đông Hà, tỉnh Quảng Trị",Chi cục Thuế khu vực XI
1393,3200665127,Công ty TNHH Thương mại Dịch vụ Huế Nam,"Thôn Giang Xuân Hải, xã Trung Sơn, huyện Gio Linh, tỉnh Quảng Trị",Chi cục Thuế khu vực XI
1394,3200683052,Công ty Cổ phần Đầu tư Xây dựng Thuận Sơn,"Khu phố Tân Vĩnh, phường Đông Lương, TP Đông Hà, tỉnh Quảng Trị",Chi cục Thuế khu vực XI
1395,3200683165,Công ty Cổ phần Xây dựng và Thực Phẩm ATC,"Số 213 Lê Duẩn, phường 2, TP Đông Hà, tỉnh Quảng Trị",Chi cục Thuế khu vực XI
1396,3200693283,Công ty Cổ phần Hiệp Phú-Vico,"Thôn Trà Trì, xã Hải Hưng, huyện Hải Lăng, tỉnh Quảng Trị",Chi cục Thuế khu vực XI
1397,3200696710,Công ty TNHH Trường Giang Quảng Trị,"10/20 Đoàn Thị Điểm, Khu phố Lương An, phường Đông Lễ, TP Đông Hà, tỉnh Quảng Trị",Chi cục Thuế khu vực XI
1398,3200698186,Công ty Cổ phần Camimex Quảng Trị,"Trại sản xuất giống thủy sản mặn lợ Cửa Tùng, thị trấn Cửa Tùng, huyện Vĩnh Linh, tỉnh Quảng Trị",Chi cục Thuế khu vực XI
1399,3200700244,Công ty TNHH Cát Thạch Anh Cao Cấp Vico,"Thôn Trà Trì Phú, xã Hải Hưng, huyện Hải Lăng, tỉnh Quảng Trị",Chi cục Thuế khu vực XI
1400,3200701544,Công ty Trách nhiệm hữu hạn Khoáng sản Quang Sơn Đức,"Số 81A đường Trần Hưng Đạo, phường 1, TP Đông Hà, tỉnh Quảng Trị",Chi cục Thuế khu vực XI
1401,3200705806,Công ty Cổ phần Đầu tư Hải Lăng Cityland,"Tầng 2, số nhà 47 Tôn Thất Tùng, Khu phố 3, phường 5, TP Đông Hà, tỉnh Quảng Trị",Chi cục Thuế khu vực XI
1402,3200705972,Công ty TNHH Phát triển Nhân Lực Thủy Hải Lăng,"01A Ngô Quyền, thị trấn Diên Sanh, huyện Hải Lăng, tỉnh Quảng Trị",Chi cục Thuế khu vực XI
1403,3200706006,Công ty Cổ phần Đầu tư Phát triển Nhà Quảng Trị,"Khu phố 3, phường 5, TP Đông Hà, tỉnh Quảng Trị",Chi cục Thuế khu vực XI
1404,3200434232,Công ty Cổ phần Tiến Phong,"Lâm Xuân, xã Gio Mai, huyện Gio Linh, tỉnh Quảng Trị",Đội Thuế liên huyện Đông Hà - Cam Lộ
1405,3200706158,Công ty TNHH SGO Resort,"Khu Du lịch Cửa Tùng, thị trấn Cửa Tùng, huyện Vĩnh Linh, tỉnh Quảng Trị",Chi cục Thuế khu vực XI
1406,3200706038,Công ty TNHH QM Hồng Phát,"Số 50/1 Trương Định, phường 1, TP Đông Hà, tỉnh Quảng Trị",Chi cục Thuế khu vực XI
1407,3200706197,Công ty TNHH QT Hợp Lực,"Số 42/22 Nguyễn Huệ, phường 1, TP Đông Hà, tỉnh Quảng Trị",Chi cục Thuế khu vực XI
1408,3200706285,Công ty Cổ phần Đầu tư & Chăn Nuôi Quảng Trị,"09 Nguyễn Trãi, thị trấn ái Tử, huyện Triệu Phong, tỉnh Quảng Trị",Chi cục Thuế khu vực XI
1409,3200706292,Công ty Trách nhiệm hữu hạn Bình Sơn Quảng Trị,"26 Lý Chiêu Hoàng, phường 1, TP Đông Hà, tỉnh Quảng Trị",Chi cục Thuế khu vực XI
1410,3200706246,Công ty TNHH Đầu tư và Xây dựng Bảo Phú,"Kiệt 179/20/3 Lê Duẩn, Khu phố 3, phường 2, TP Đông Hà, tỉnh Quảng Trị",Chi cục Thuế khu vực XI
1411,3200706239,Công ty TNHH Đầu tư Xây dựng và Dịch vụ Tổng hợp Thành Đạt,"24/97 Lý Thường Kiệt, phường Đông Lương, TP Đông Hà, tỉnh Quảng Trị",Chi cục Thuế khu vực XI
1412,3200706341,Công ty Cổ phần Sản xuất Thực Phẩm và Bao Bì Quốc Tế CTT,"Lô NU-01 và HC-03 Khu Công Nghiệp Quán Ngang, xã Gio Quang, huyện Gio Linh, tỉnh Quảng Trị",Chi cục Thuế khu vực XI
1413,3200706415,Công ty Cổ phần Thương mại - Dịch vụ Legend VN,"Khu đô thị Võ Thị Sáu, Khu phố 5, phường 2, thị xã Quảng Trị, tỉnh Quảng Trị",Chi cục Thuế khu vực XI
1414,3200706447,Công ty Trách nhiệm hữu hạn Một thành viên Thương mại - Dịch vụ Xuất nhập khẩu Quang Huy,"Khóm Trung Chín, thị trấn Lao Bảo, huyện Hướng Hoá, tỉnh Quảng Trị",Chi cục Thuế khu vực XI
1415,3200706479,Công ty TNHH Hiếu Đức Quyền,"Số 29 Phạm Văn Đồng, thị trấn Lao Bảo, huyện Hướng Hoá, tỉnh Quảng Trị",Chi cục Thuế khu vực XI
1416,3200706567,Công ty Cổ phần Dịch vụ Du lịch Hải Lăng,"số 11, đường Trần Hưng Đạo, Khóm 9, thị trấn Diên Sanh, huyện Hải Lăng, tỉnh Quảng Trị",Chi cục Thuế khu vực XI
1417,3200706687,Công ty TNHH Tổng hợp Sao Việt,"Số 215 A Quốc lộ 9, phường 1, TP Đông Hà, tỉnh Quảng Trị",Chi cục Thuế khu vực XI
1418,3200706694,Công ty Cổ phần Xây dựng Phong Hải Quảng Trị,"Thôn 6, xã Gio Hải, huyện Gio Linh, tỉnh Quảng Trị",Chi cục Thuế khu vực XI
1419,3200707384,Văn Phòng Luật sư Võ Sỹ Cầu,"149 Hùng Vương, TP Đông Hà, tỉnh Quảng Trị",Chi cục Thuế khu vực XI
1420,3200710771,Công ty Cổ phần Quảng Phát Quảng Trị,"Thôn Tân Phước, xã Hải Lâm, huyện Hải Lăng, tỉnh Quảng Trị",Chi cục Thuế khu vực XI
1421,3200710933,Công ty TNHH Green Land Gia Bảo,"36 Lê Duẩn, thị trấn Khe Sanh, huyện Hướng Hoá, tỉnh Quảng Trị",Chi cục Thuế khu vực XI
1422,3200713317,Văn Phòng Luật Sư Hoàng Mai Quảng Trị,"số 43 Trần Đại Nghĩa, phường 5, TP Đông Hà, tỉnh Quảng Trị",Chi cục Thuế khu vực XI
1423,3200713412,Công ty Trách nhiệm hữu hạn Một thành viên Trung Anh QT,"Tầng 2, số 369 Lê Duẩn, Khu phố 3, phường Đông Lễ, TP Đông Hà, tỉnh Quảng Trị",Chi cục Thuế khu vực XI
1424,3200688237,Công ty Cổ phần Đầu tư và Khoáng sản Vico Quảng Trị,"Thôn Trà Trì Phú, xã Hải Hưng, huyện Hải Lăng, tỉnh Quảng Trị",Chi cục Thuế khu vực XI
1425,3200141282,Doanh nghiệp tư nhân Việt Thái,"Số 51 đường Hùng Vương, phường 1, TP Đông Hà, tỉnh Quảng Trị",Chi cục Thuế khu vực XI
1426,3200114433,Công ty TNHH MTV Dịch vụ Thương mại Nhật Anh,"Số 14 Lê Duẩn, phường 1, TP Đông Hà, tỉnh Quảng Trị",Chi cục Thuế khu vực XI
1427,3200128179,Công ty Trách nhiệm hữu hạn Thương mại Nam Hưng,"Số 219 đường Lê Duẩn, phường 2, TP Đông Hà, tỉnh Quảng Trị",Chi cục Thuế khu vực XI
1428,3200146587,Công ty Trách nhiệm hữu hạn Tâm Thơ,"Khu phố 2, phường Đông Thanh, TP Đông Hà, tỉnh Quảng Trị",Chi cục Thuế khu vực XI
1429,3200019130,Công ty TNHH Một thành viên Thanh Liễu,"42 Trần Hưng Đạo, Khu phố 2, phường 1, TP Đông Hà, tỉnh Quảng Trị",Chi cục Thuế khu vực XI
1430,3200012495,Doanh nghiệp tư nhân TM DV Công Thành,"125 Lê Duẩn phường 2, TP Đông Hà, tỉnh Quảng Trị",Chi cục Thuế khu vực XI
1431,3200010635,Công ty Trách nhiệm hữu hạn Thương mại Kim Nguyên,"Số 07 đường Trần Hưng Đạo, phường 1, TP Đông Hà, tỉnh Quảng Trị",Chi cục Thuế khu vực XI
1432,3200100487,Công ty Trách nhiệm hữu hạn Thạc Thành,"Thôn An Bình, xã Cam Thanh (hết hiệu lực), huyện Cam Lộ, tỉnh Quảng Trị",Chi cục Thuế khu vực XI
1433,3200165519,Công ty Trách nhiệm hữu hạn Ninh Hải,"Số 156 đường Lê Duẩn, phường Đông Lễ, TP Đông Hà, tỉnh Quảng Trị",Chi cục Thuế khu vực XI
1434,3200184984,Công ty TNHH Thương mại Thiên Bình,"Số 124 Nguyễn Du, phường 5, TP Đông Hà, tỉnh Quảng Trị",Chi cục Thuế khu vực XI
1435,3200178331,Công ty Trách nhiệm hữu hạn Thăng Bình,"Số nhà 37 Hùng Vương, phường 1, TP Đông Hà, tỉnh Quảng Trị",Chi cục Thuế khu vực XI
1436,3200200001,Công ty Trách nhiệm hữu hạn Thương mại Phương Nam,"343 Lê Duẩn, TP Đông Hà, tỉnh Quảng Trị",Chi cục Thuế khu vực XI
1437,3200225623,Công ty Trách nhiệm hữu hạn Tân Nguyên,"Số 23 đường Trần Hưng Đạo, phường 1, TP Đông Hà, tỉnh Quảng Trị",Chi cục Thuế khu vực XI
1438,3200227236,Công ty Trách nhiệm hữu hạn Thương mại Hoàng Đại,"km 64 QL 9, thị trấn Khe Sanh, huyện Hướng Hoá, tỉnh Quảng Trị",Chi cục Thuế khu vực XI
1439,3200228705,Công ty Trách nhiệm hữu hạn Thương mại Dịch vụ Đức Lợi,"Số 77 Hàm Nghi, phường 5, TP Đông Hà, tỉnh Quảng Trị",Chi cục Thuế khu vực XI
1440,3200234307,Doanh nghiệp tư nhân Điểm Hồng Nam,"Số 514 Lê Duẩn, phường Đông Lương, TP Đông Hà, tỉnh Quảng Trị",Chi cục Thuế khu vực XI
1441,3200239908,Công ty TNHH Ngọc Ánh,"Khóm Trung Chín, thị trấn Lao Bảo, huyện Hướng Hoá, tỉnh Quảng Trị",Chi cục Thuế khu vực XI
1442,3200256212,Công ty TNHH Một thành viên Thương mại và Dịch vụ Liên Vương,"Số 84B Hàm nghi, phường 5, TP Đông Hà, tỉnh Quảng Trị",Chi cục Thuế khu vực XI
1443,3200667445,Công ty TNHH Clean & Green,"Số 03, Tăng Bạt Hổ, phường 3, TP Đông Hà, tỉnh Quảng Trị",Chi cục Thuế khu vực XI
1444,3200271517,Công ty TNHH Mai Linh Quảng Trị,"Số 17 đường Phan Đình Giót, Khu phố Tân Vĩnh, phường Đông Lương, TP Đông Hà, tỉnh Quảng Trị",Đội Thuế liên huyện Đông Hà - Cam Lộ
1445,3200293454,Công ty Trách nhiệm hữu hạn Một thành viên Hiếu Hợp,"301/3 Lê Duẩn, phường Đông Lễ, TP Đông Hà, tỉnh Quảng Trị",Chi cục Thuế khu vực XI
1446,3200386620,Công ty Trách nhiệm hữu hạn Một thành viên Thông Phát,"Khóm Tây Chín, thị trấn Lao Bảo, huyện Hướng Hoá, tỉnh Quảng Trị",Chi cục Thuế khu vực XI
1447,3200489087,Công ty Trách nhiệm hữu hạn Một thành viên Xuân Thịnh Phát,"36A Nguyễn Huệ, phường 1, TP Đông Hà, tỉnh Quảng Trị",Chi cục Thuế khu vực XI
1448,3200573719,Công ty Trách nhiệm hữu hạn Một thành viên Thiện Quảng,"Thôn Long An, xã Tân Long, huyện Hướng Hoá, tỉnh Quảng Trị",Chi cục Thuế khu vực XI
1449,3200625847,Công ty Trách nhiệm hữu hạn Một thành viên Hằng Hải Quảng Trị,"127 Lê Duẩn, phường 2, TP Đông Hà, tỉnh Quảng Trị",Chi cục Thuế khu vực XI
1450,4201601110-011,Chi nhánh Công ty Cổ phần Sun Taxi tại Quảng Trị,"Số 378 Lê Duẩn, phường Đông Lương, TP Đông Hà, tỉnh Quảng Trị",Chi cục Thuế khu vực XI
1451,3200644046,Công ty Trách nhiệm hữu hạn Một thành viên Đức Lương Phát,"Khóm Tây Chín, thị trấn Lao Bảo, huyện Hướng Hoá, tỉnh Quảng Trị",Chi cục Thuế khu vực XI
1452,3200693660,Công ty TNHH MTV Trường Tín Quảng Trị,"Đường Lê Duẩn, Khóm Hữu Nghị, thị trấn Hồ Xá, huyện Vĩnh Linh, tỉnh Quảng Trị",Chi cục Thuế khu vực XI
1453,3200698450,Công ty TNHH Tín Phúc Đạt,"Thôn Kim Đâu, xã Thanh An, huyện Cam Lộ, tỉnh Quảng Trị",Chi cục Thuế khu vực XI
1454,3200698475,Công ty Trách nhiệm hữu hạn Thương mại Xuất nhập khẩu An Hiệp Thịnh,"Thôn Bích La Trung, xã Tân Thành, huyện Hướng Hoá, tỉnh Quảng Trị",Chi cục Thuế khu vực XI
1455,3200698482,Công ty TNHH MTV Lê Gia Đông Hà,"539 Lê Duẫn, khu phố Đại Áng, phường Đông Lương, TP Đông Hà, tỉnh Quảng Trị",Chi cục Thuế khu vực XI
1456,3200699207,Công ty TNHH Thương mại và Dịch vụ Tổng hợp Phương Đông Quảng Trị,"33 Nguyễn Du, phường 5, TP Đông Hà, tỉnh Quảng Trị",Chi cục Thuế khu vực XI
1457,3200718675,Công ty TNHH MTV Bất động sản Tín Thành,"12 Lý Thường Kiệt, phường Đông Lương, TP Đông Hà, tỉnh Quảng Trị",Chi cục Thuế khu vực XI
1458,3200718717,Công ty Cổ phần Đầu tư cơ sở hạ tầng và Phát triển Địa ốc Thành Đô,"Tầng 2, số nhà 139 Hùng Vương, phường 5, TP Đông Hà, tỉnh Quảng Trị",Chi cục Thuế khu vực XI
1459,3200718883,Công ty Trách nhiệm hữu hạn Một thành viên Thương mại Quân Vũ,"Số 79 Lê Hồng Phong, phường 3, thị xã Quảng Trị, tỉnh Quảng Trị",Đội Thuế liên huyện Triệu Hải
1460,3200718957,Công ty Trách nhiệm hữu hạn Năng lượng Xanh Quang Tú,"56/1 Lê Hồng Phong, Khu phố Phú Thị, thị trấn Hồ Xá, huyện Vĩnh Linh, tỉnh Quảng Trị",Chi cục Thuế khu vực XI
1461,3200719005,Công ty TNHH Đầu tư An Trung,"Khu phố 4, thị trấn Cửa Việt, huyện Gio Linh, tỉnh Quảng Trị",Chi cục Thuế khu vực XI
1462,2400399209-037,Công ty CP Quốc Tế ICO - Chi nhánh Quảng Trị,"Số 185, đường Lê Lợi, phường Đông Lương, TP Đông Hà, tỉnh Quảng Trị",Chi cục Thuế khu vực XI
1463,3200305149,Công ty Trách nhiệm hữu hạn Một thành viên Hải Nhi,"38 Điện Biên Phủ, phường Đông Lễ, TP Đông Hà, tỉnh Quảng Trị",Chi cục Thuế khu vực XI
1464,3200687152,Công ty TNHH Một thành viên Bunsu,"Số 22 Đặng Tất, Khu phố 4, phường 1, TP Đông Hà, tỉnh Quảng Trị",Chi cục Thuế khu vực XI
1465,0104093672-029,Chi nhánh Bưu Chính Viettel Quảng Trị - Tổng Công ty Cổ phần Bưu Chính Viettel,"Số 01 Hoàng Diệu, phường Đông Giang, TP Đông Hà, tỉnh Quảng Trị",Chi cục Thuế khu vực XI
1466,0100109106-048,Viettel Quảng Trị - Chi nhánh Tập đoàn Công Nghiệp - Viễn Thông Quân Đội,"Số 01 đường Hoàng Diệu, phường Đông Giang, TP Đông Hà, tỉnh Quảng Trị",Chi cục Thuế khu vực XI
1467,0104831030-034,Chi nhánh Công ty TNHH Nhà Nước Một thành viên Thương mại và Xuất nhập khẩu Viettel Quảng Trị,"Số nhà 113 Quốc lộ 9, Khu phố 3, phường 5, TP Đông Hà, tỉnh Quảng Trị",Chi cục Thuế khu vực XI
1468,0100112194-017,Chi nhánh Dịch vụ Gia Tăng Quảng Trị - Công ty Cổ phần Những Trang vàng Việt Nam,"Số 20 đường Trần Hưng Đạo, phường 1, TP Đông Hà, tỉnh Quảng Trị",Chi cục Thuế khu vực XI
1469,3200659772,Công ty Cổ phần Minh Chính Thịnh,"Khu phố 2, phường Đông Giang, TP Đông Hà, tỉnh Quảng Trị",Chi cục Thuế khu vực XI
1470,3700381324-475,Công ty Cổ phần Tập đoàn Hoa Sen - Chi nhánh Tỉnh Quảng Trị,"Thôn An Bình, xã Thanh An, huyện Cam Lộ, tỉnh Quảng Trị",Chi cục Thuế khu vực XI
1471,3301633160-001,Công ty TNHH MTV Toán siêu tốc Smart Kids Việt Nam - Chi nhánh Cam Lộ,"140 Hàm Nghi, KP2, thị trấn Cam Lộ, huyện Cam Lộ, tỉnh Quảng Trị",Chi cục Thuế khu vực XI
1472,2901807716-024,Chi nhánh Quảng Trị - Đông Hà 1 - Công ty Cổ phần Sawad Tiền Có Ngay,"Số 85 Quốc lộ 9, khu phố 3, phường 5, TP Đông Hà, tỉnh Quảng Trị",Chi cục Thuế khu vực XI
1473,3200674770,Công ty TNHH XNK Nam Hải CNS,"Số 11 Lê Duẩn, Khóm 3A, thị trấn Khe Sanh, huyện Hướng Hoá, tỉnh Quảng Trị",Chi cục Thuế khu vực XI
1474,3200677228,Công ty Cổ phần Tập đoàn TAD,"Số 22B Kiệt 1 Hùng Vương, phường 1, TP Đông Hà, tỉnh Quảng Trị",Chi cục Thuế khu vực XI
1475,3200677595,Công ty TNHH Phúc Vĩnh Lợi,"Thôn Long Hợp, xã Tân Long, huyện Hướng Hoá, tỉnh Quảng Trị",Chi cục Thuế khu vực XI
1476,0104485020-012,Chi nhánh tại tỉnh Quảng Trị -Công ty Cổ phần Đầu tư và Thương mại Vvm,"Số 78 Trần Hưng Đạo, phường 1, TP Đông Hà, tỉnh Quảng Trị",Chi cục Thuế khu vực XI
1477,3200679923,Công ty TNHH Thương mại và Dịch vụ Miền Trung Xanh,"Số 68 Trần Hưng Đạo, phường 1, TP Đông Hà, tỉnh Quảng Trị",Chi cục Thuế khu vực XI
1478,3200682041,Công ty TNHH Đại Nam - Ong Biển Quảng Trị,"Số 63 đường Trần Hưng Đạo, phường 1, TP Đông Hà, tỉnh Quảng Trị",Chi cục Thuế khu vực XI
1479,3200682179,Công ty Trách nhiệm hữu hạn Một thành viên QT Thắng Hiền,"Số 188A Hàm Nghi, phường 5, TP Đông Hà, tỉnh Quảng Trị",Chi cục Thuế khu vực XI
1480,0400475960-002,Chi nhánh Công ty TNHH Sản xuất - Thương mại Vạn Thành tại Quảng Trị,"Số 57 Quốc Lộ 9, phường 5, TP Đông Hà, tỉnh Quảng Trị",Chi cục Thuế khu vực XI
1481,3200685081,Công ty TNHH Thương mại An Nguyễn Quảng Trị,"Số 32 đường Nguyễn Du, Khu phố 8, phường 5, TP Đông Hà, tỉnh Quảng Trị",Chi cục Thuế khu vực XI
1482,3301596085-002,Công ty Cổ phần Đầu tư Địa ốc Thắng Lợi Miền Trung - Chi nhánh Quảng Trị,"Số 99 Hùng Vương, phường 5, TP Đông Hà, tỉnh Quảng Trị",Chi cục Thuế khu vực XI
1483,3200685557,Công ty TNHH Cấu Kiện Bê Tông và Vật Liệu Xây dựng Mỹ Thủy,"Thôn Mỹ Thủy, xã Hải An, huyện Hải Lăng, tỉnh Quảng Trị",Chi cục Thuế khu vực XI
1484,3200686293,Trường Liên Cấp Hội Nhập Quốc Tế Ischool Quảng Trị,"Khu phố Lai Phước, phường Đông Lương, TP Đông Hà, tỉnh Quảng Trị",Chi cục Thuế khu vực XI
1485,3100945949-001,Chi nhánh Công ty TNHH Thương mại Tổng hợp Xăng dầu Việt Trung tại Quảng Trị,"Đường Lê Duẩn, thị trấn Hồ Xá, huyện Vĩnh Linh, tỉnh Quảng Trị",Chi cục Thuế khu vực XI
1486,4101530561-005,Chi nhánh Đông Hà - Công ty Cổ phần Phát triển Giáo Dục Bình Định,"Số 53 đường Hùng Vương, phường 1, TP Đông Hà, tỉnh Quảng Trị",Chi cục Thuế khu vực XI
1487,0104753865-051,Chi nhánh Công trình Viettel Quảng Trị - Tổng Công ty Cổ phần Công trình Viettel,"Tầng 2 Tòa nhà Viettel số 01 đường Hoàng Diệu, phường Đông Giang, TP Đông Hà, tỉnh Quảng Trị",Chi cục Thuế khu vực XI
1488,0315585063-004,Chi nhánh Công ty Cổ phần TGKC tại Quảng Trị,"Co.opmart Đông Hà, Số 2 Trần Hưng Đạo, phường 1, TP Đông Hà, tỉnh Quảng Trị",Chi cục Thuế khu vực XI
1489,3301194153-001,Công ty Cổ phần Phước Hiệp Thành Chi nhánh Quảng Trị,"Lô số 02, Cụm Công nghiệp Diên Sanh, thị trấn Diên Sanh, huyện Hải Lăng, tỉnh Quảng Trị",Chi cục Thuế khu vực XI
1490,3200692018,Công ty Cổ phần Bc Smart Quảng Trị,"Số 81, đường  Lê Lợi, phường 5, TP Đông Hà, tỉnh Quảng Trị",Chi cục Thuế khu vực XI
1491,3200696301,Công ty Cổ phần HD Nam Phát,"Khu công nghiệp Nam Đông Hà, phường Đông Lương, TP Đông Hà, tỉnh Quảng Trị",Chi cục Thuế khu vực XI
1492,3200696421,Công ty Cổ phần Merlion Việt Nam,"Số 109 Nguyễn Huệ, phường 1, TP Đông Hà, tỉnh Quảng Trị",Chi cục Thuế khu vực XI
1493,3200696781,Công ty TNHH Tổng hợp May Phúc Thịnh,"Khu phố 6, phường 5, TP Đông Hà, tỉnh Quảng Trị",Chi cục Thuế khu vực XI
1494,3200696830,Công ty Cổ phần Nhà Phố ĐH,"136B, Đường Hàm Nghi, phường 5, TP Đông Hà, tỉnh Quảng Trị",Chi cục Thuế khu vực XI
1495,3200698080,Công ty TNHH Van Com,"28 Lý Thường Kiệt, phường 1, thị xã Quảng Trị, tỉnh Quảng Trị",Chi cục Thuế khu vực XI
1496,3200698115,Công ty TNHH MTV Nhật Phú Quý,"Khóm 2, thị trấn Bến Quan, huyện Vĩnh Linh, tỉnh Quảng Trị",Chi cục Thuế khu vực XI
1497,0108705686-013,Chi nhánh Công ty Cổ phần Sơn và Hóa chất Tân Á Đại Thành tại Quảng Trị,"Số 494A - Lê Duẩn, phường Đông Lương, TP Đông Hà, tỉnh Quảng Trị",Chi cục Thuế khu vực XI
1498,0315661606-017,Chi nhánh Công ty Cổ phần Nhựa Tân Á Đại Thành tại Quảng Trị,"Số 494A, Lê Duẩn, phường Đông Lương, TP Đông Hà, tỉnh Quảng Trị",Chi cục Thuế khu vực XI
1499,3200699990,Công ty Cổ phần Toàn Minh Miền Trung,"36/3 Ông Ích Khiêm, Khu Phố 1, phường 1, TP Đông Hà, tỉnh Quảng Trị",Chi cục Thuế khu vực XI
1500,3200700004,Công ty Cổ phần Đầu tư và Phát triển Cửa Việt,"Số 32 đường Phan Đình Phùng, phường 1, TP Đông Hà, tỉnh Quảng Trị",Chi cục Thuế khu vực XI
1501,0108705661-017,Chi nhánh Công ty Cổ phần Công nghệ và Giải Pháp Nước Tân Á Đại Thành tại Quảng Trị,"494A Lê Duẩn,, phường Đông Lương, TP Đông Hà, tỉnh Quảng Trị",Chi cục Thuế khu vực XI
1502,3301661859-001,Chi nhánh Công ty TNHH Một thành viên Thương mại và Xây dựng Tấn Hoàng tại Quảng Trị,"Kiệt 13 Đặng Thái Thân, Khu phố 11, phường 5, TP Đông Hà, tỉnh Quảng Trị",Chi cục Thuế khu vực XI
1503,1100632491-001,Văn phòng đại diện Công ty TNHH Bệnh viện đa khoa tư nhân Long An Segaero,"Thôn Tân Xuân 2, xã Cam Thành, huyện Cam Lộ, tỉnh Quảng Trị",Chi cục Thuế khu vực XI
1504,3200269109,Công ty Cổ phần Bình Điền-Quảng Trị,"Lô 22 Khu công nghiệp Quán Ngang, xã Gio Châu, huyện Gio Linh, tỉnh Quảng Trị",Chi cục Thuế khu vực XI
1505,3600224423-037,Công ty Cổ phần Chăn Nuôi C.P Việt Nam - Chi nhánh Quảng Trị,"Hải Ba, huyện Hải Lăng, tỉnh Quảng Trị",Chi cục Thuế khu vực XI
1506,4000286148-003,CN Cty X L Điện Quảng Nam tại Quảng Trị,"07 Nguyễn Công Trứ, TP Đông Hà, tỉnh Quảng Trị",Chi cục Thuế khu vực XI
1507,3200134983-001,Chi nhánh Công ty Cổ phần Bốn Phương,"145 Quốc lộ 9, TP Đông Hà, tỉnh Quảng Trị",Chi cục Thuế khu vực XI
1508,3300101011-001,Chi nhánh Công ty Cổ phần Xây dựng - Giao thông Thừa Thiên Huế tại Quảng Trị,"Lô 12, Đường Quốc lộ 9D, phường Đông Lễ, TP Đông Hà, tỉnh Quảng Trị",Chi cục Thuế khu vực XI
1509,0311609355-043,Chi nhánh Công ty Cổ phần Bán lẻ kỹ thuật số FPT tại Quảng Trị,"Số 21 Hùng Vương, Khu Phố 8, phường 1, TP Đông Hà, tỉnh Quảng Trị",Chi cục Thuế khu vực XI
1510,3200591267,Công ty Cổ phần May và Thương mại Gio Linh,"Khu Công nghiệp Quán Ngang, xã Gio Quang, huyện Gio Linh, tỉnh Quảng Trị",Chi cục Thuế khu vực XI
1511,3100177623-006,Chi nhánh Công ty Cổ phần Xây dựng Trường Xuân,"38 Phan Chu Trinh, phường 1, TP Đông Hà, tỉnh Quảng Trị",Chi cục Thuế khu vực XI
1512,3200639127,Công ty Cổ phần Đầu tư Quốc tế Venus Quảng Trị,"Số 67 đường Hùng Vương, phường 5, TP Đông Hà, tỉnh Quảng Trị",Chi cục Thuế khu vực XI
1513,3100195171-010,Chi nhánh Công ty Cổ phần Tập đoàn Trường Thịnh tại tỉnh Quảng Trị,"Km 763+800, xã Triệu Giang, huyện Triệu Phong, tỉnh Quảng Trị",Chi cục Thuế khu vực XI
1514,3200642842,Công ty Cổ phần May Cam Lộ,"Khu phố 2, thị trấn Cam Lộ, huyện Cam Lộ, tỉnh Quảng Trị",Chi cục Thuế khu vực XI
1515,0314125225-003,Công ty Cổ phần Kapal Việt Nam Chi nhánh Quảng Trị,"Số nhà 485 Lê Duẩn, phường Đông Lương, TP Đông Hà, tỉnh Quảng Trị",Chi cục Thuế khu vực XI
1516,0101344790-038,Chi nhánh Công ty Cổ phần Thương mại và Chuyển phát nhanh Nội Bài tại tỉnh Quảng Trị,"Khu dân cư Phạm Hồng Thái, Khu phố Trung Chỉ, phường Đông Lương, TP Đông Hà, tỉnh Quảng Trị",Chi cục Thuế khu vực XI
1517,3600224423-106,Công ty Cổ phần Chăn Nuôi C.P. Việt Nam - Chi nhánh 2 tại Quảng Trị,"Số nhà 96, Đường Thành Cổ, Khu Phố 6, phường 3, TP Đông Hà, tỉnh Quảng Trị",Chi cục Thuế khu vực XI
1518,0100365621-026,Chi nhánh Công ty Cổ phần Tập đoàn vàng Bạc Đá Quý Doji tại Quảng Trị,"Số 10 Hùng Vương, Khu phố 8, phường 1, TP Đông Hà, tỉnh Quảng Trị",Chi cục Thuế khu vực XI
1519,3100126555-015,Công ty Cổ phần Tổng Công ty Sông Gianh - Chi nhánh tại Quảng Trị,"Thôn Mai Đàn, xã Hải Lâm, huyện Hải Lăng, tỉnh Quảng Trị",Chi cục Thuế khu vực XI
1520,0401511308-001,Công ty TNHH Một thành viên Liên Việt Door - Chi nhánh Đông Hà,"Số 36 Bùi Thị Xuân, phường 2, TP Đông Hà, tỉnh Quảng Trị",Chi cục Thuế khu vực XI
1521,0401873040-001,Chi nhánh Công ty TNHH MTV Phú Nhật Thăng - tại Quảng Trị,"Số 147 Lý Thường Kiệt, phường Đông Lương, TP Đông Hà, tỉnh Quảng Trị",Chi cục Thuế khu vực XI
1522,0108705693-030,Chi nhánh Công ty Cổ phần Kim khí và Gia dụng Tân Á Đại Thành tại Quảng Trị,"Số 494A - Lê Duẩn, phường Đông Lương, TP Đông Hà, tỉnh Quảng Trị",Chi cục Thuế khu vực XI
1523,0104918404-070,Chi nhánh Quảng Trị - Công ty Cổ phần Dịch vụ Thương mại Tổng hợp Wincommerce,"35 Hùng Vương, phường 1, TP Đông Hà, tỉnh Quảng Trị",Chi cục Thuế khu vực XI
1524,0309132354-037,Chi nhánh Công ty Cổ phần Việt Tinh Anh tại Quảng Trị,"Số 12 đường Hùng Vương, phường 1, TP Đông Hà, tỉnh Quảng Trị",Chi cục Thuế khu vực XI
1525,3400379518-004,Chi nhánh Công ty TNHH Thương mại & Sản xuất Quản Trung tại Quảng Trị,"48 Nguyễn Huệ, phường 1, TP Đông Hà, tỉnh Quảng Trị",Chi cục Thuế khu vực XI
1526,3200700117,Công ty Cổ phần Pax International-Gold-Quảng Trị,"32 Phan Đình Phùng, phường 1, TP Đông Hà, tỉnh Quảng Trị",Chi cục Thuế khu vực XI
1527,3200700131,Công ty Cổ phần Năng lượng Xanh Quảng Trị,"Đường Huyền Trân Công Chúa, thị trấn Hồ Xá, huyện Vĩnh Linh, tỉnh Quảng Trị",Chi cục Thuế khu vực XI
1528,3200700195,Công ty Cổ phần Đầu tư và Phát triển Du lịch Sa Mù Hill,"27 Lê Thế Tiết, thị trấn Lao Bảo, huyện Hướng Hoá, tỉnh Quảng Trị",Chi cục Thuế khu vực XI
1529,3200700205,Công ty Cổ phần Thương mại và Xuất nhập khẩu Cửa Tùng,"Thôn Hiền Lương, xã Hiền Thành, huyện Vĩnh Linh, tỉnh Quảng Trị",Chi cục Thuế khu vực XI
1530,0311609355-145,Chi nhánh Công ty Cổ phần Bán lẻ kỹ thuật số FPT Tại Đà Nẵng - Trung tâm bán lẻ 11 Trần Hưng Đạo,"Số 11 Trần Hưng Đạo, phường 1, TP Đông Hà, tỉnh Quảng Trị",Chi cục Thuế khu vực XI
1531,0311609355-146,CN Công ty Cổ phần Bán lẻ kỹ thuật số FPT Tại Đà Nẵng - Trung tâm bán lẻ 36 Lê Duẩn - Quảng Trị,"Số 36 Lê Duẩn, Khóm Hữu Nghị, thị trấn Hồ Xá, huyện Vĩnh Linh, tỉnh Quảng Trị",Chi cục Thuế khu vực XI
1532,0311609355-147,CN Công ty Cổ phần Bán lẻ kỹ thuật số FPT Tại Đà Nẵng - Trung tâm bán lẻ 21 Hùng Vương - Quảng Trị,"số 21 Hùng Vương, Khu phố 8, phường 1, TP Đông Hà, tỉnh Quảng Trị",Chi cục Thuế khu vực XI
1533,0311609355-148,Chi nhánh Công ty Cổ phần Bán lẻ kỹ thuật số FPT Tại Đà Nẳng - Trung tâm bán lẻ 122 -124 Quốc Lộ 9B,"Số 122-124 Quốc Lộ 9B, phường 1, TP Đông Hà, tỉnh Quảng Trị",Chi cục Thuế khu vực XI
1534,3200700759,Công ty Cổ phần Apec Quảng Trị,"Số 38 Phan Bội Châu, phường 1, thị xã Quảng Trị, tỉnh Quảng Trị",Chi cục Thuế khu vực XI
1535,3200703904,Công ty Cổ phần Xây dựng Thương mại và Dịch vụ Vinacoco,"Số nhà 25, đường Lê Hồng Phong, Khu phố 3, phường 5, TP Đông Hà, tỉnh Quảng Trị",Chi cục Thuế khu vực XI
1536,3200710098,Công ty Cổ phần Tozen Việt Nam,"Khu Công nghiệp Quán Ngang, xã Gio Quang, huyện Gio Linh, tỉnh Quảng Trị",Chi cục Thuế khu vực XI
1537,3200710203,Công ty TNHH Năng lượng Sạch Quảng Trị,"Khu phố 11, phường 5, TP Đông Hà, tỉnh Quảng Trị",Chi cục Thuế khu vực XI
1538,3200710235,Công ty Cổ phần Đầu tư bất động sản Lộc Phát Land,"Số 12 Đào Duy Từ, phường 1, TP Đông Hà, tỉnh Quảng Trị",Chi cục Thuế khu vực XI
1539,3200710330,Công ty TNHH HMH Global,"Số nhà 21 đường Nguyễn Hoàng, Khu phố 1, phường 1, thị xã Quảng Trị, tỉnh Quảng Trị",Chi cục Thuế khu vực XI
1540,0102516308-030,Chi nhánh Công ty Cổ phần Mediamart Việt Nam tại Quảng Trị,"Khu phố 8, phường 1, TP Đông Hà, tỉnh Quảng Trị",Chi cục Thuế khu vực XI
1541,3200710443,Công ty TNHH Phúc Vạn Tiến,"Khu phố 8, phường 5, TP Đông Hà, tỉnh Quảng Trị",Chi cục Thuế khu vực XI
1542,3200710531,Công ty Trách nhiệm hữu hạn Một thành viên cấp nước Hải Sơn,"Thôn Long Hưng, xã Hải Phú, huyện Hải Lăng, tỉnh Quảng Trị",Chi cục Thuế khu vực XI
1543,3200707786,Công ty TNHH Sản xuất và Thương mại Lê An Phát,"Thôn Hà Lương, xã Ba Lòng, huyện Đa Krông, tỉnh Quảng Trị",Đội Thuế liên huyện Hướng Hóa - Đakrông
1544,3200710556,Công ty TNHH MTV Phát triển Thương mại và Logistics Trực Phương Đại Quảng Trị,"Số nhà 106 đường Nguyễn Thái Học, phường 1, TP Đông Hà, tỉnh Quảng Trị",Chi cục Thuế khu vực XI
1545,3200710595,Công ty TNHH Quang Thịnh Phát Quảng Trị,"Tân Tài, xã Tân Lập, huyện Hướng Hoá, tỉnh Quảng Trị",Chi cục Thuế khu vực XI
1546,4000354775-006,Công ty Cổ phần Gas Miền Trung Chi nhánh Quảng Trị,"Khu Công nghiệp Nam Đông Hà, phường Đông Lương, TP Đông Hà, tỉnh Quảng Trị",Chi cục Thuế khu vực XI
1547,3200710926,Công ty TNHH MTV Halona Quảng Trị,"Đường Nguyễn Hoàng, Khu phố 7, thị trấn Cửa Việt, huyện Gio Linh, tỉnh Quảng Trị",Chi cục Thuế khu vực XI
1548,3200596265,Công ty Cổ phần Chăn Nuôi C.P. Việt Nam - Chi nhánh Quảng Trị,"Hải Ba, huyện Hải Lăng, tỉnh Quảng Trị",Chi cục Thuế khu vực XI
1549,3600252847-073,Chi nhánh Quảng Trị - Công ty Cổ phần Ôtô Trường Hải,"Quốc lộ 1, Thôn Phước Mỹ, xã Triệu Giang, huyện Triệu Phong, tỉnh Quảng Trị",Chi cục Thuế khu vực XI
1550,0108926276-047,Chi nhánh Quảng Trị - Công ty TNHH Kinh doanh Thương mại và Dịch vụ Vinfast,"90 Hùng Vương, Khu phố 4, phường 5, TP Đông Hà, tỉnh Quảng Trị",Chi cục Thuế khu vực XI
1551,3200597653,Công ty Cổ phần Kim Sơn Quảng Trị,"Số 258 Lê Duẩn, phường Đông Lễ, TP Đông Hà, tỉnh Quảng Trị",Chi cục Thuế khu vực XI
1552,3200150858,Công ty Trách nhiệm hữu hạn Kim Sơn,"Số 258 Lê Duẩn, phường Đông Lễ, TP Đông Hà, tỉnh Quảng Trị",Chi cục Thuế khu vực XI
1553,3200114754,Công ty Trách nhiệm hữu hạn Nhật Tín,"Số nhà 405 đường Lê Duẫn, phường Đông Lễ, TP Đông Hà, tỉnh Quảng Trị",Chi cục Thuế khu vực XI
1554,3200165533,Công ty Trách nhiệm hữu hạn Một thành viên Vật Liệu Xây dựng Tổng hợp Hoàng Yến,"Khu phố 1, phường Đông Giang, TP Đông Hà, tỉnh Quảng Trị",Chi cục Thuế khu vực XI
1555,3200178412,Công ty TNHH Xuất nhập khẩu Hoàng Nam Tiến,"Số 47 Tôn Thất Thuyết, phường 5, TP Đông Hà, tỉnh Quảng Trị",Chi cục Thuế khu vực XI
1556,3200266556,Công ty TNHH Một thành viên Phước Hưng,"Số 83 Hàm Nghi, Khu phố 5, phường 5, TP Đông Hà, tỉnh Quảng Trị",Chi cục Thuế khu vực XI
1557,3200271348,Công ty Trách nhiệm hữu hạn Thương mại Dịch vụ Tâm Tâm,"Số 24 Tôn Thất Thuyết, phường 5, TP Đông Hà, tỉnh Quảng Trị",Chi cục Thuế khu vực XI
1558,3200284971,Công ty Trách nhiệm hữu hạn Một thành viên Hiếu Giang,"06 Bùi Thị Xuân, phường 1, TP Đông Hà, tỉnh Quảng Trị",Chi cục Thuế khu vực XI
1559,3200290559,Công ty Trách nhiệm hữu hạn Một thành viên Thái Gia Vượng,"Kiệt 20/1 Nguyễn Trãi, khu phố 9, phường 1, TP Đông Hà, tỉnh Quảng Trị",Chi cục Thuế khu vực XI
1560,3200305117,Công ty Cổ phần Mười Thương,"190 Quốc lộ 1A, Đông thanh, TP Đông Hà, tỉnh Quảng Trị",Chi cục Thuế khu vực XI
1561,3200354731,Công ty Trách nhiệm hữu hạn Một thành viên Hưng Hùng,"Số 49/19 Lê Quý Đôn, khu phố 1, phường 1, TP Đông Hà, tỉnh Quảng Trị",Chi cục Thuế khu vực XI
1562,0100233583-036,Ngân hàng Thương mại Cổ phần Việt Nam Thịnh Vượng - Chi nhánh Quảng Trị,"Số 38 Quốc Lộ 9B, Khu Phố 8, phường 1, TP Đông Hà, tỉnh Quảng Trị",Chi cục Thuế khu vực XI
1563,3200271348-002,Chi nhánh Công ty TNHH Thương mại Dịch vụ Tâm Tâm,"Thôn Long Hợp, Xã Tân Long, huyện Hướng Hoá, tỉnh Quảng Trị",Chi cục Thuế khu vực XI
1564,3200144646-001,Chi nhánh Công ty TNHH Trung Dũng Tại Khu Thương mại Lao Bảo,"Thôn Tân Hữu, xã Tân Liên, huyện Hướng Hoá, tỉnh Quảng Trị",Chi cục Thuế khu vực XI
1565,3200102050-001,Chi nhánh Công ty TNHH Thương mại Số 1-Nhà máy kim cơ khí Đoàn Luyến,"Khu công nghiệp Nam Đông Hà, phường Đông Lương, TP Đông Hà, tỉnh Quảng Trị",Chi cục Thuế khu vực XI
1566,0100283873-056,Ngân hàng Thương mại Cổ phần Quân Đội - Chi nhánh Quảng Trị,"Số 134 Quốc lộ 9, phường 1, TP Đông Hà, tỉnh Quảng Trị",Chi cục Thuế khu vực XI
1567,3200512547,Công ty Trách nhiệm hữu hạn Một thành viên Tuấn Hương Quảng Trị,"Số 47 Lê Thế Hiếu, phường 1, TP Đông Hà, tỉnh Quảng Trị",Chi cục Thuế khu vực XI
1568,3200534050,Công ty TNHH Một thành viên Gia La Vi,"Số 14 Đoàn Khuê, phường 5, TP Đông Hà, tỉnh Quảng Trị",Chi cục Thuế khu vực XI
1569,3200536523,Công ty Trách nhiệm hữu hạn MTV Bình An Hiếu,"Số 28 Hải Thượng Lãn ông, phường 5, TP Đông Hà, tỉnh Quảng Trị",Chi cục Thuế khu vực XI
1570,3200478769,Công ty Trách nhiệm hữu hạn Một thành viên Xuân Anh,"Số 86 Hàm Nghi, phường 5, TP Đông Hà, tỉnh Quảng Trị",Chi cục Thuế khu vực XI
1571,3200102050,Công ty Trách nhiệm hữu hạn Thương mại Số 1,"Số 103 đường Lê Duẩn,, phường 2, TP Đông Hà, tỉnh Quảng Trị",Chi cục Thuế khu vực XI
1572,3200536516,Công ty Trách nhiệm hữu hạn Một thành viên Thành Phong Quảng Trị,"Đường Điện Biên Phủ (9D), phường 4, TP Đông Hà, tỉnh Quảng Trị",Chi cục Thuế khu vực XI
1573,0100111948-076,Ngân hàng Thương mại Cổ phần Công Thương Việt Nam - Chi nhánh Quảng Trị,"236 Hùng Vương, phường Đông Lễ, TP Đông Hà, tỉnh Quảng Trị",Chi cục Thuế khu vực XI
1574,0100150619-034,Ngân hàng Thương mại Cổ phần Đầu tư và Phát triển Việt Nam - Chi nhánh Quảng Trị,"Số 24 đường Hùng Vương, phường 1, TP Đông Hà, tỉnh Quảng Trị",Chi cục Thuế khu vực XI
1575,0100112437-077,Ngân hàng Thương mại Cổ phần Ngoại Thương Việt Nam - Chi nhánh Quảng Trị,"Số 34 Hùng Vương, phường 1, TP Đông Hà, tỉnh Quảng Trị",Chi cục Thuế khu vực XI
1576,0301103908-028,Ngân hàng TMCP Sài Gòn Thương Tín - Chi nhánh Quảng Trị,"43 Trần Hưng Đạo, phường 1, TP Đông Hà, tỉnh Quảng Trị",Chi cục Thuế khu vực XI
1577,3200144646,Công ty Trách nhiệm hữu hạn Xây dựng Trung Dũng,"Số 21 Lê Hồng Phong, phường 5, TP Đông Hà, tỉnh Quảng Trị",Chi cục Thuế khu vực XI
1578,3200102050-002,Chi nhánh Công ty Trách nhiệm hữu hạn Thương mại Số 1- Nhà máy sản xuất tấm lợp Tấn Phát Tâm Châu,"Khu Công nghiệp Nam Đông Hà, phường Đông Lương, TP Đông Hà, tỉnh Quảng Trị",Chi cục Thuế khu vực XI
1579,3200574857,Công ty Trách nhiệm hữu hạn Nguyên Liệu Giấy Quảng Trị,"Thôn Thượng Xá, xã Hải Thượng, huyện Hải Lăng, tỉnh Quảng Trị",Chi cục Thuế khu vực XI
1580,3200144646-002,Chi nhánh Số 2 Công ty TNHH Xây dựng Trung Dũng,"Thôn Tân Hữu, xã Tân Liên, huyện Hướng Hoá, tỉnh Quảng Trị",Chi cục Thuế khu vực XI
1581,3200625727,Công ty CP Kiến trúc T'Home,"Số 26 Lê Lợi, Khu phố 2, phường 5, TP Đông Hà, tỉnh Quảng Trị",Chi cục Thuế khu vực XI
1582,3200630942,Công ty Trách nhiệm hữu hạn ICT Gia Thạnh,"Số 22 Tôn Thất Thuyết, phường 5, TP Đông Hà, tỉnh Quảng Trị",Chi cục Thuế khu vực XI
1583,3200631093,Công ty Trách nhiệm hữu hạn Ngọc Vân - Thái Lan,"Khóm Vĩnh Đông, thị trấn Lao Bảo, huyện Hướng Hoá, tỉnh Quảng Trị",Chi cục Thuế khu vực XI
1584,3200638469,Công ty TNHH Một thành viên Đức Phát Quảng Trị,"Số 110 đường Huỳnh Thúc Kháng, phường 5, TP Đông Hà, tỉnh Quảng Trị",Chi cục Thuế khu vực XI
1585,3200657983,Công ty Trách nhiệm hữu hạn Một thành viên BKX Vina,"Khu đô thị Bắc Nguyễn Huệ, phường 1, TP Đông Hà, tỉnh Quảng Trị",Chi cục Thuế khu vực XI
1586,3200662655,Công ty TNHH Đức Mạnh Quảng Trị,"Số 98 Lê Lợi, phường Đông Lễ, TP Đông Hà, tỉnh Quảng Trị",Chi cục Thuế khu vực XI
1587,3200677669,Công ty TNHH MTV Khh Global,"87 Lý Thường Kiệt - Khu phố 2, phường 1, thị xã Quảng Trị, tỉnh Quảng Trị",Chi cục Thuế khu vực XI
1588,3200679465,Công ty TNHH MTV Gia Huy Quảng Trị,"Số 211 Trần Hưng Đạo, phường 1, thị xã Quảng Trị, tỉnh Quảng Trị",Chi cục Thuế khu vực XI
1589,0102180545-016,Công ty Tài chính TNHH Ngân hàng Việt Nam Thịnh Vượng SMBC - Văn phòng đại diện tại Quảng Trị,"Số 176 Lê Duẩn, Khu Phố 2, phường Đông Lễ, TP Đông Hà, tỉnh Quảng Trị",Chi cục Thuế khu vực XI
1590,3200704376,Công ty TNHH MTV Xây dựng Thương mại Hoàng Yến,"20/5 Nguyễn Trãi, khu phố 9, phường 1, TP Đông Hà, tỉnh Quảng Trị",Chi cục Thuế khu vực XI
1591,3200704601,Công ty TNHH Trung tâm Giáo Dục Quốc Tế Golden Path,"Số 27 đường Duy Tân, phường 5, TP Đông Hà, tỉnh Quảng Trị",Chi cục Thuế khu vực XI
1592,3200704552,Công ty TNHH Mẹ Milk,"Kiệt 95/15 Nguyễn Chí Thanh, phường 5, TP Đông Hà, tỉnh Quảng Trị",Chi cục Thuế khu vực XI
1593,3200710997,Công ty Cổ phần Tư vấn và Nội thất Skyline,"86 Hoàng Diệu, Khu phố 1, phường Đông Giang, TP Đông Hà, tỉnh Quảng Trị",Chi cục Thuế khu vực XI
1594,3200150858-001,CN Công ty TNHH Kim Sơn Tại Khu Thương mại Lao Bảo,"Thị trấn lao bảo, huyện Hướng Hoá, tỉnh Quảng Trị",Chi cục Thuế khu vực XI
1595,3200718636,Công ty TNHH MTV LB Tâm Minh Tiến,"Thôn Mã Lai, xã Hướng Phùng, huyện Hướng Hoá, tỉnh Quảng Trị",Chi cục Thuế khu vực XI
1596,3200677669-001,Văn phòng đại diện Công ty TNHH MTV KHH Global,"228 Lê Duẩn, thị trấn ái Tử, huyện Triệu Phong, tỉnh Quảng Trị",Chi cục Thuế khu vực XI
1597,3200040693,Công ty Cổ phần Quản lý và Xây dựng đường bộ Quảng Trị,"Km 752 + 600 Quốc Lộ 1A, xã Thanh An, huyện Cam Lộ, tỉnh Quảng Trị",Chi cục Thuế khu vực XI
1598,3200146241,Công ty Trách nhiệm hữu hạn Một thành viên Vĩnh Thảo,"Số 38/45 Tôn Thất Thuyết, phường 5, TP Đông Hà, tỉnh Quảng Trị",Chi cục Thuế khu vực XI
1599,3200140539,Công ty Trách nhiệm hữu hạn Trung Sơn,"Số 292 Lê Duẩn, phường Đông Giang, TP Đông Hà, tỉnh Quảng Trị",Chi cục Thuế khu vực XI
1600,3200243573,Công ty Trách nhiệm hữu hạn Đào Hùng,"Khóm Trung Chín, thị trấn Lao Bảo, huyện Hướng Hoá, tỉnh Quảng Trị",Chi cục Thuế khu vực XI
1601,3200264044,Công ty Trách nhiệm hữu hạn Một thành viên Thanh Nga,"Số 145 Lê Duẩn, phường Đông Thanh, TP Đông Hà, tỉnh Quảng Trị",Chi cục Thuế khu vực XI
1602,3200275952,Công ty Trách nhiệm hữu hạn Thương mại và Dịch vụ Kim Sen,"Số 217 đường Lê Duẩn, phường 2, TP Đông Hà, tỉnh Quảng Trị",Đội Thuế liên huyện Đông Hà - Cam Lộ
1604,3200410270,Công ty Trách nhiệm hữu hạn Một thành viên Bảo Cường,"115 Lê Duẩn, thị trấn Khe Sanh, huyện Hướng Hoá, tỉnh Quảng Trị",Chi cục Thuế khu vực XI
1605,0101066342-004,Chi nhánh Công ty TNHH Thương mại và Dịch vụ Hoa Hồng,"Số nhà 80 Đường 9, phường 1, TP Đông Hà, tỉnh Quảng Trị",Chi cục Thuế khu vực XI
1606,0400396395-001,Chi nhánh Công ty Trách nhiệm hữu hạn Nhân Phước tại Quảng Trị.,"Số 228 Quốc lộ 1A, phường Đông Giang, TP Đông Hà, tỉnh Quảng Trị",Chi cục Thuế khu vực XI
1607,3200691374,Công ty TNHH MTV An Hải Nhiên,"Thôn Nại Cửu, xã Tân Thành, huyện Hướng Hoá, tỉnh Quảng Trị",Chi cục Thuế khu vực XI
1608,0100686209-122,Mobifone tỉnh Quảng Trị - Công ty Dịch vụ Mobifone Khu vực 3 - Chi nhánh Tổng Công ty Viễn Thông Mob,"Số 211 Quốc lộ 9, phường 1, TP Đông Hà, tỉnh Quảng Trị",Chi cục Thuế khu vực XI
1609,3200108729-003,Chi nhánh Công ty Trách nhiệm hữu hạn Thành Hưng - Nhà máy chế biến gỗ dăm Cam Lộ,"Cụm công nghiệp Cam Thành, xã Cam Thành, huyện Cam Lộ, tỉnh Quảng Trị",Chi cục Thuế khu vực XI
1610,6300048638-072,Ngân hàng Thương mại Cổ phần Bưu Điện Liên Việt - Chi nhánh Quảng Trị,"Số 72 Quốc lộ 9, phường 1, TP Đông Hà, tỉnh Quảng Trị",Chi cục Thuế khu vực XI
1611,3200146379,Công ty Trách nhiệm hữu hạn Xây dựng và Phát triển Nông thôn Quảng Trị,"Số 34 đường Trịnh Hoài Đức, phường Đông Lương, TP Đông Hà, tỉnh Quảng Trị",Chi cục Thuế khu vực XI
1612,0400349194-006,Chi nhánh Tư vấn Đầu tư và Xây dựng tại Quảng Trị - Công ty Cổ phần Tư vấn Đầu tư và Xây dựng,"Số 63 đường Hùng Vương, phường 1, TP Đông Hà, tỉnh Quảng Trị",Chi cục Thuế khu vực XI
1613,3200140539-002,Chi nhánh Công ty TNHH Trung Sơn,"Số 120 Lê Duẩn, thị trấn Hồ Xá, huyện Vĩnh Linh, tỉnh Quảng Trị",Chi cục Thuế khu vực XI
1614,3300338148-002,Chi nhánh Công ty TNHH Thanh Trang,"Số 394 Lê Duẩn, phường Đông Lương, TP Đông Hà, tỉnh Quảng Trị",Chi cục Thuế khu vực XI
1615,4000462724-003,Chi nhánh Công ty Cổ phần Đầu tư và Sản xuất Petro Miền Trung,"Khu công nghiệp Nam Đông Hà, phường Đông Lương, TP Đông Hà, tỉnh Quảng Trị",Chi cục Thuế khu vực XI
1616,0304995318-001,Chi nhánh Công ty Cổ phần Quốc Tế Phong Phú Nhà Máy May Xuất khẩu Phong Phú - Quảng Trị,"Cụm Công nghiệp và Tiểu thủ công nghiệp Diên Sanh, thị trấn Diên Sanh, huyện Hải Lăng, tỉnh Quảng Trị",Chi cục Thuế khu vực XI
1617,3200471989,Công ty TNHH Một thành viên Lý Gia Thành,"Số 78 Trần Phú, phường 5, TP Đông Hà, tỉnh Quảng Trị",Chi cục Thuế khu vực XI
1618,0400349194-012,Chi nhánh Tư vấn Đầu tư và Xây dựng Tại Lao Bảo Công ty Cổ phần Tư vấn Đầu tư và Xây dựng,"11 Phạm Ngũ Lão, thị trấn Khe Sanh, huyện Hướng Hoá, tỉnh Quảng Trị",Chi cục Thuế khu vực XI
2447,3200722618,"CHUNJO CORPORATION CO., LTD.","Tiểu khu 692 RPH, xã Tân Thành, huyện Hướng Hoá, tỉnh Quảng Trị",Chi cục Thuế khu vực XI
1619,0300649476-033,Tổng Công ty Thương mại Kỹ Thuật và Đầu tư - Công ty Cổ phần - Chi nhánh Petec Quảng Trị,"Làng Cổ Thành, xã Tân Thành, huyện Hướng Hoá, tỉnh Quảng Trị",Chi cục Thuế khu vực XI
1620,3200486720,Công ty Trách nhiệm hữu hạn Một thành viên Phúc Hồng Lạc,"199A Nguyễn Du, Khu phố 5, phường 5, TP Đông Hà, tỉnh Quảng Trị",Chi cục Thuế khu vực XI
1621,0104860842-001,Chi nhánh Miền Trung - Công ty Cổ phần Lũng Lô 51,"Số 3, đường Đội Cấn, phường Đông Lương, TP Đông Hà, tỉnh Quảng Trị",Chi cục Thuế khu vực XI
1622,0303966346-029,Chi nhánh Công ty TNHH Một thành viên Đại Gia Đình tại tỉnh Quảng Trị,"Số 2 Trần Hưng Đạo, phường 1, TP Đông Hà, tỉnh Quảng Trị",Chi cục Thuế khu vực XI
1623,3100261120-009,Chi nhánh Công ty TNHH Thương mại Tổng hợp Tuấn Việt tại Quảng Trị,"Số 63 Nguyễn Du, phường 5, TP Đông Hà, tỉnh Quảng Trị",Chi cục Thuế khu vực XI
1624,3200506631,Công ty Trách nhiệm hữu hạn Thép Xuân Tín,"Tầng 2, số 437/10 đường Lê Duẩn, phường Đông Lễ, TP Đông Hà, tỉnh Quảng Trị",Chi cục Thuế khu vực XI
1625,4500271647-001,Công ty TNHH Giống Thủy Sản Uni-President Việt Nam - Chi nhánh Quảng Trị,"Thôn Thủy Bạn, xã Trung Giang, huyện Gio Linh, tỉnh Quảng Trị",Chi cục Thuế khu vực XI
1626,3200524366,Công ty Trách nhiệm hữu hạn Một thành viên Trương Tuấn Vũ,"Số 227 đường Lê Thế Tiết, thị trấn Lao Bảo, huyện Hướng Hoá, tỉnh Quảng Trị",Chi cục Thuế khu vực XI
1627,6000346337-015,Chi nhánh Công ty TNHH Olam Việt Nam tại Quảng Trị,"18 Nguyễn Hữu Thận, thị trấn Khe Sanh, huyện Hướng Hoá, tỉnh Quảng Trị",Chi cục Thuế khu vực XI
1628,3200574303,Công ty Trách nhiệm hữu hạn Một thành viên Phúc Tiến Hùng,"Thôn Quyết Tâm, xã Tân Hợp, huyện Hướng Hoá, tỉnh Quảng Trị",Chi cục Thuế khu vực XI
1629,5600128057-032,Chi nhánh Doanh nghiệp tư nhân Xây dựng số 1 tỉnh Điện Biên - Khách sạn Mường Thanh Quảng Trị,"Số 68 Lê Duẩn, Khu phố 9, phường 1, TP Đông Hà, tỉnh Quảng Trị",Chi cục Thuế khu vực XI
1630,0100776445-023,Chi nhánh Công ty Cổ phần Quốc Tế Sơn Hà tại Quảng Trị,"267 Quốc lộ 9, phường 3, TP Đông Hà, tỉnh Quảng Trị",Chi cục Thuế khu vực XI
1631,0301463315-098,Chi nhánh Công ty TNHH Truyền Hình Cáp Saigontourist - tỉnh Quảng Trị,"Số 87C đường Nguyễn Huệ, phường 1, TP Đông Hà, tỉnh Quảng Trị",Chi cục Thuế khu vực XI
1632,4100266610-003,Chi nhánh Công ty Cổ phần Công nghệ Gỗ Đại Thành,"Khu Công nghiệp Nam Đông Hà, phường Đông Lương, TP Đông Hà, tỉnh Quảng Trị",Chi cục Thuế khu vực XI
1633,0106104986-017,Chi nhánh Công ty CP Hợp tác Đào tạo và Phát triển Nguồn nhân lực Việt Nam - Trung tâm Tư vấn Du học,"Trung Tâm hỗ trợ nông dân tỉnh, Thôn Trúc Lâm, xã Gio Quang, huyện Gio Linh, tỉnh Quảng Trị",Chi cục Thuế khu vực XI
1634,3200625540,Công ty TNHH Một thành viên Hoàng Giang Quảng Trị,"Khu phố 11, phường 5, TP Đông Hà, tỉnh Quảng Trị",Chi cục Thuế khu vực XI
1635,0305097236-034,Công ty Cổ phần Kinh doanh Khí Miền Nam - Chi nhánh Miền Trung tại Quảng Trị,"Khu Công nghiệp Quán Ngang, xã Gio Quang, huyện Gio Linh, tỉnh Quảng Trị",Chi cục Thuế khu vực XI
1636,3301604762-001,CN Cty TNHH MTV Thảo Thanh Hiền tại Quảng Trị,"33 Lê Hồng Phong, phường 5, TP Đông Hà, tỉnh Quảng Trị",Chi cục Thuế khu vực XI
1637,3200686504,Công ty TNHH Tinh Dầu Thiên Nhiên Huyền Thoại,"Đường Âu Cơ, Khu phố 10, phường 5, TP Đông Hà, tỉnh Quảng Trị",Chi cục Thuế khu vực XI
1638,3200686744,Công ty TNHH MTV Vĩnh Thành Quảng Trị,"Khu phố 10, phường 5, TP Đông Hà, tỉnh Quảng Trị",Chi cục Thuế khu vực XI
1639,3200687145,Công ty TNHH MTV Công nghệ Viễn Thông VBV Quảng Trị,"83 Lê Thế Hiếu, phường 1, TP Đông Hà, tỉnh Quảng Trị",Chi cục Thuế khu vực XI
1640,3200687561,Công ty TNHH Linh Đan Hoàng,"Thôn Xuân Lộc, xã Gio Việt, huyện Gio Linh, tỉnh Quảng Trị",Chi cục Thuế khu vực XI
1641,3200687593,Công ty TNHH Thương mại Xăng Dầu Quảng Trị,"Số 207 Hoàng Thị Ái, Khu phố 8, phường 5, TP Đông Hà, tỉnh Quảng Trị",Chi cục Thuế khu vực XI
1642,3200691617,Công ty Trách nhiệm hữu hạn Bất động sản Quốc Tín,"Số 238 Hùng Vương, phường Đông Lễ, TP Đông Hà, tỉnh Quảng Trị",Chi cục Thuế khu vực XI
1643,3200691857,Công ty Trách nhiệm hữu hạn Bất động sản Hữu Lương,"Số 156 Lý Thường Kiệt, Khu phố 10, phường 5, TP Đông Hà, tỉnh Quảng Trị",Chi cục Thuế khu vực XI
1644,3200693244,Công ty Trách nhiệm hữu hạn Long Đức Huy,"Khóm Trung Chín, thị trấn Lao Bảo, huyện Hướng Hoá, tỉnh Quảng Trị",Chi cục Thuế khu vực XI
1645,3301662965-001,Văn Phòng Bất động sản Gold Center Quảng Trị,"168 Lê Duẩn, phường Đông Lễ, TP Đông Hà, tỉnh Quảng Trị",Chi cục Thuế khu vực XI
1646,3200569092,Công ty Cổ phần Đầu tư Phát triển Bình Trị Thiên,"Khu công nghiệp Quán Ngang, xã Gio Quang, huyện Gio Linh, tỉnh Quảng Trị",Chi cục Thuế khu vực XI
1647,3200574007,Công ty Trách nhiệm hữu hạn Một thành viên Sơn Dũng Quảng Trị,"Số 369 Lê Duẩn, phường Đông Lễ, TP Đông Hà, tỉnh Quảng Trị",Đội Thuế liên huyện Đông Hà - Cam Lộ
1648,3200615278,Công ty Trách nhiệm hữu hạn Một thành viên Đoàn Linh Nguyên,"Số 23 Đoàn Hữu Trưng, phường Đông Lương, TP Đông Hà, tỉnh Quảng Trị",Chi cục Thuế khu vực XI
1649,3200626713,Công ty TNHH Thương mại Xây dựng Quang Minh Quảng Trị,"Khu phố 8, phường 5, TP Đông Hà, tỉnh Quảng Trị",Chi cục Thuế khu vực XI
1650,3200639014,Công ty Trách nhiệm hữu hạn Một thành viên Hưng Phát Hùng,"Khóm Tây Chín, thị trấn Lao Bảo, huyện Hướng Hoá, tỉnh Quảng Trị",Chi cục Thuế khu vực XI
1651,3200639511,Công ty Trách nhiệm hữu hạn Một thành viên Đại Hương Lao Bảo,"Khóm Tây Chín, thị trấn Lao Bảo, huyện Hướng Hoá, tỉnh Quảng Trị",Chi cục Thuế khu vực XI
1652,3200643349,Công ty TNHH Thỉnh Thảo,"Số 14 Tôn Thất Thuyết, phường 5, TP Đông Hà, tỉnh Quảng Trị",Chi cục Thuế khu vực XI
1653,3200658842,Công ty TNHH Xuất nhập khẩu Chợ Gỗ Sĩ Đại Hùng,"Số 291 Quốc lộ 9, phường 3, TP Đông Hà, tỉnh Quảng Trị",Chi cục Thuế khu vực XI
1654,3200661877,Công ty TNHH Camera Quảng Trị,"Số 06 đường Lê Duẩn, phường 1, TP Đông Hà, tỉnh Quảng Trị",Chi cục Thuế khu vực XI
1655,3200669065,Công ty TNHH MTV Phú Ngọc Quảng Trị,"Khu phố 5, thị trấn Gio Linh, huyện Gio Linh, tỉnh Quảng Trị",Chi cục Thuế khu vực XI
1656,3200675904,Công ty TNHH ĐT và XD Lộc Minh,"Số 55 Đoàn Hữu Trưng, phường Đông Lễ, TP Đông Hà, tỉnh Quảng Trị",Chi cục Thuế khu vực XI
1657,3200391331,Công ty Trách nhiệm hữu hạn Một thành viên Minh Nhật,"Số 36 Chu mạnh Trinh, phường 1, TP Đông Hà, tỉnh Quảng Trị",Chi cục Thuế khu vực XI
1658,3200410672,Công ty Trách nhiệm hữu hạn Một thành viên Bảo Nhân,"Khóm Duy Tân, thị trấn Lao Bảo, huyện Hướng Hoá, tỉnh Quảng Trị",Chi cục Thuế khu vực XI
1659,3200421931,Công ty Trách nhiệm hữu hạn Một thành viên Tiến Quý,"Đường Nguyễn Thiện Thuật, Khu phố Đại Áng, phường Đông Lương, TP Đông Hà, tỉnh Quảng Trị",Đội Thuế liên huyện Đông Hà - Cam Lộ
1660,3200496408,Công ty TNHH MTV Dầu Mỡ Nhờn Hưng Phát,"Thôn An Trung Đồng, xã Triệu Độ, huyện Triệu Phong, tỉnh Quảng Trị",Chi cục Thuế khu vực XI
1661,3200500037,Công ty Trách nhiệm hữu hạn Một thành viên Dtic Vĩnh Sơn,"Đường Phạm Hồng Thái, Khu phố Trung Chỉ, phường Đông Lương, TP Đông Hà, tỉnh Quảng Trị",Chi cục Thuế khu vực XI
1662,3200504497,Công ty Trách nhiệm hữu hạn Một thành viên My Ngân,"Khóm Tây Chín, thị trấn Lao Bảo, huyện Hướng Hoá, tỉnh Quảng Trị",Chi cục Thuế khu vực XI
1663,3200510525,Công ty TNHH 18 Lao Bảo,"Số 11 Lý Thường Kiệt, thị trấn Lao Bảo, huyện Hướng Hoá, tỉnh Quảng Trị",Chi cục Thuế khu vực XI
1664,3200569871,Công ty Trách nhiệm hữu hạn Một thành viên Tâm Hiền Phát,"Thôn Bích La Trung, xã Tân Thành, huyện Hướng Hoá, tỉnh Quảng Trị",Chi cục Thuế khu vực XI
1665,3200579492,Công ty Trách nhiệm hữu hạn Một thành viên Thương mại và Dịch vụ Hlp Đakrong,"Khóm 2, thị trấn Krông Klang, huyện Đa Krông, tỉnh Quảng Trị",Chi cục Thuế khu vực XI
1666,3200623423,Công ty Trách nhiệm hữu hạn Một thành viên Nguyễn Ngọc Hiếu,"Khóm Đông Chín, thị trấn Lao Bảo, huyện Hướng Hoá, tỉnh Quảng Trị",Chi cục Thuế khu vực XI
1667,3200631022,Công ty Trách nhiệm hữu hạn Một thành viên Bestsilk,"Khu phố 7, phường 3, TP Đông Hà, tỉnh Quảng Trị",Chi cục Thuế khu vực XI
1668,3200632026,Công ty Trách nhiệm hữu hạn Một thành viên Tân Tiến Window,"Số 179 Quốc lộ 1A, khu phố 1, phường Đông Thanh, TP Đông Hà, tỉnh Quảng Trị",Chi cục Thuế khu vực XI
1669,3200646420,Công ty Trách nhiệm hữu hạn MHD,"36 Lê Lợi, phường 5, TP Đông Hà, tỉnh Quảng Trị",Chi cục Thuế khu vực XI
1670,3200655908,Công ty Trách nhiệm hữu hạn Thương mại Dịch vụ Xây dựng Ngọc Anh Quảng Trị,"Khóm 6, Đường Huyền Trân Công Chúa, thị trấn Hồ Xá, huyện Vĩnh Linh, tỉnh Quảng Trị",Chi cục Thuế khu vực XI
1671,3200657246,Công ty Trách nhiệm hữu hạn Một thành viên Đại Lợi Quảng Trị,"Thôn Hòa Bình, xã Vĩnh Long, huyện Vĩnh Linh, tỉnh Quảng Trị",Chi cục Thuế khu vực XI
1672,3200658320,Công ty Trách nhiệm hữu hạn Một thành viên QT Vận tải Thương mại Hùng Dũng,"Số nhà 11 đường Nguyễn Lương Bằng, thị trấn Hồ Xá, huyện Vĩnh Linh, tỉnh Quảng Trị",Chi cục Thuế khu vực XI
1673,3200658458,Công ty TNHH NST Computer,"Số 157 Hùng Vương, Khóm 3, thị trấn Hải Lăng (hết hiệu lực), huyện Hải Lăng, tỉnh Quảng Trị",Chi cục Thuế khu vực XI
1674,3200658786,Công ty TNHH Cảnh quan xanh Đông Hà,"Số 17 Nguyễn Huệ, phường 1, TP Đông Hà, tỉnh Quảng Trị",Chi cục Thuế khu vực XI
1675,3200659814,Công ty Trách nhiệm hữu hạn Xây dựng và Kỹ Thuật Chiếu Sáng Sao Khuê,"Kiệt 62 Tôn Thất Thuyết, phường 5, TP Đông Hà, tỉnh Quảng Trị",Chi cục Thuế khu vực XI
1676,3200657655,Công ty Trách nhiệm hữu hạn Công nghệ Số Quảng Hà,"432 Lê Duẩn, Khu phố 2, phường Đông Lương, TP Đông Hà, tỉnh Quảng Trị",Chi cục Thuế khu vực XI
1677,3200659839,Công ty Trách nhiệm hữu hạn Rèm Màn Việt Châu,"Số 63 Hùng Vương, phường 5, TP Đông Hà, tỉnh Quảng Trị",Chi cục Thuế khu vực XI
1678,3200660707,Công ty Trách nhiệm hữu hạn QT Bảo Phước,"Khóm Tây Chín, thị trấn Lao Bảo, huyện Hướng Hoá, tỉnh Quảng Trị",Chi cục Thuế khu vực XI
1679,3200661725,Công ty Trách nhiệm hữu hạn Thương mại và Dịch vụ Thiên An Phúc,"Số 31 Nguyễn Tri Phương, phường 5, TP Đông Hà, tỉnh Quảng Trị",Chi cục Thuế khu vực XI
1680,3200673897,Công ty TNHH Bắc Long Sơn,"Thôn Rào Trường, xã Vĩnh Sơn, huyện Vĩnh Linh, tỉnh Quảng Trị",Chi cục Thuế khu vực XI
1681,3200690934,Công ty TNHH Nhân Bảo Hài Hòa,"Khóm Xuân Phước, thị trấn Lao Bảo, huyện Hướng Hoá, tỉnh Quảng Trị",Chi cục Thuế khu vực XI
1682,3200693621,Công ty Trách nhiệm hữu hạn Một thành viên QT Quang Huấn,"Số 146 Tôn Thất Thuyết, phường 5, TP Đông Hà, tỉnh Quảng Trị",Chi cục Thuế khu vực XI
1683,3200708684,Công ty TNHH MTV KS Tân Hưng Thịnh,"Tầng 2, Số nhà 110 Lê Duẩn, Khối 1, thị trấn Khe Sanh, huyện Hướng Hoá, tỉnh Quảng Trị",Chi cục Thuế khu vực XI
1684,3200709092,Công ty TNHH Farm Quang Xa Quảng Trị,"Khu phố 2, phường 5, TP Đông Hà, tỉnh Quảng Trị",Chi cục Thuế khu vực XI
1685,3200709078,Công ty TNHH Farm Quang Xa,"36 Lê Lợi, phường 5, TP Đông Hà, tỉnh Quảng Trị",Chi cục Thuế khu vực XI
1686,3200711101,Công ty TNHH Một thành viên Phú Hội,"Thôn Nhà Tài, xã Vĩnh Long, huyện Vĩnh Linh, tỉnh Quảng Trị",Chi cục Thuế khu vực XI
1687,3200711197,Công ty Trách nhiệm hữu hạn Amacons Quảng Trị,"Số 45 đường Thân Nhân Trung, Khu phố 1, phường Đông Lương, TP Đông Hà, tỉnh Quảng Trị",Chi cục Thuế khu vực XI
1688,3200711207,Công ty TNHH Ruby Light,"Khu phố 7, thị trấn Cửa Việt, huyện Gio Linh, tỉnh Quảng Trị",Chi cục Thuế khu vực XI
1689,3200711327,Công ty TNHH Giang Hiền Quảng Trị,"Thôn Long Hưng, xã Hải Phú, huyện Hải Lăng, tỉnh Quảng Trị",Chi cục Thuế khu vực XI
1690,3200711359,Công ty TNHH Đầu tư Thương mại Dịch vụ Tổng hợp Hoàng Nguyên,"Số 8/20 đường Đặng Dung, Khu phố 3, phường 2, TP Đông Hà, tỉnh Quảng Trị",Chi cục Thuế khu vực XI
1691,3200711408,Công ty Cổ phần Đầu tư Phát triển Ecosea,"Số 7, đường Hùng Vương, thị trấn Hồ Xá, huyện Vĩnh Linh, tỉnh Quảng Trị",Chi cục Thuế khu vực XI
1692,3200711567,Công ty TNHH Thương mại Dịch vụ và Xây dựng Yên Bình,"153 Lý Thường Kiệt, phường Đông Lương, TP Đông Hà, tỉnh Quảng Trị",Chi cục Thuế khu vực XI
1693,3200711574,Công ty Cổ phần Gạch Tuynel Minh Hưng,"Số 46 Đường Nguyễn Trãi, Tiểu khu 1, thị trấn ái Tử, huyện Triệu Phong, tỉnh Quảng Trị",Chi cục Thuế khu vực XI
1694,3200711662,Công ty Cổ phần BNB Quảng Trị,"82A Lê Thế Hiếu, Khu phố 7, phường 1, TP Đông Hà, tỉnh Quảng Trị",Chi cục Thuế khu vực XI
1695,3200153129,Công ty Trách nhiệm hữu hạn Một thành viên Đức Hiền Quảng Trị,"Km 7+900, tỉnh lộ 571, xã Vĩnh Long, huyện Vĩnh Linh, tỉnh Quảng Trị",Chi cục Thuế khu vực XI
1696,3200434899,Công ty Trách nhiệm hữu hạn Một thành viên Hào Quang,"100 Quốc lộ 9, thị trấn Lao Bảo, huyện Hướng Hoá, tỉnh Quảng Trị",Chi cục Thuế khu vực XI
1697,3200451686,Công ty Trách nhiệm hữu hạn Một thành viên Tiến Khoa,"Số 205 Nguyễn Du nối dài, phường Đông Lễ, TP Đông Hà, tỉnh Quảng Trị",Chi cục Thuế khu vực XI
1698,3200459685,Công ty Trách nhiệm hữu hạn Một thành viên Huy Anh,"Số 105 Quốc lộ 9, phường 5, TP Đông Hà, tỉnh Quảng Trị",Chi cục Thuế khu vực XI
1699,3200468383,Công ty Trách nhiệm hữu hạn Thảo Anh,"Đường Đoàn Thị Điểm, phường Đông Lễ, TP Đông Hà, tỉnh Quảng Trị",Chi cục Thuế khu vực XI
1700,3200470061,Công ty Trách nhiệm hữu hạn Thương mại Rồng Á Châu,"Số 12A Nguyễn Huệ, Khóm An Hà, thị trấn Lao Bảo, huyện Hướng Hoá, tỉnh Quảng Trị",Chi cục Thuế khu vực XI
1701,3200470537,Công ty TNHH Một thành viên Khoa Hồng,"Số 01 Đường Hàn Thuyên, Khu phố 3, phường Đông Lễ, TP Đông Hà, tỉnh Quảng Trị",Chi cục Thuế khu vực XI
1702,3200471474,Công ty Trách nhiệm hữu hạn Quảng cáo và Tổ chức Sự Kiện Trường Thắng,"Số 114 Quốc lộ 9, phường 1, TP Đông Hà, tỉnh Quảng Trị",Chi cục Thuế khu vực XI
1703,3200471636,Công ty Trách nhiệm hữu hạn Một thành viên Bảo Ninh,"Khu phố 10, phường 5, TP Đông Hà, tỉnh Quảng Trị",Chi cục Thuế khu vực XI
1704,3200472728,Công ty Trách nhiệm hữu hạn 5S Bảo Cường,"86 Lê Duẩn, thị trấn Khe Sanh, huyện Hướng Hoá, tỉnh Quảng Trị",Chi cục Thuế khu vực XI
1705,3200477797,Công ty Trách nhiệm hữu hạn CCS Mukdahan,"Số 03 Lý Thường Kiệt, Khóm Tây Chín, thị trấn Lao Bảo, huyện Hướng Hoá, tỉnh Quảng Trị",Chi cục Thuế khu vực XI
1706,3200486671,Công ty Trách nhiệm hữu hạn Một thành viên Phong Thành Đạt,"Khóm Xuân Phước, thị trấn Lao Bảo, huyện Hướng Hoá, tỉnh Quảng Trị",Chi cục Thuế khu vực XI
1707,3200489062,Công ty Trách nhiệm hữu hạn Một thành viên Kim Thành Danh,"Số 19 Hàm Nghi, phường 1, TP Đông Hà, tỉnh Quảng Trị",Chi cục Thuế khu vực XI
1708,3200494714,Doanh nghiệp tư nhân Nhàn Thành,"Khu phố 4, phường Đông Lễ, TP Đông Hà, tỉnh Quảng Trị",Chi cục Thuế khu vực XI
1709,3200494778,Công ty Trách nhiệm hữu hạn Trí Thiện Phát,"Khu Công nghiệp Nam Đông Hà, phường Đông Lương, TP Đông Hà, tỉnh Quảng Trị",Chi cục Thuế khu vực XI
1710,3200510557,Công ty Trách nhiệm hữu hạn Một thành viên Phước Hoàng Phát,"Số193 đường Lê Lợi, phường Đông Lương, TP Đông Hà, tỉnh Quảng Trị",Chi cục Thuế khu vực XI
1711,3200516333,Công ty Trách nhiệm hữu hạn Một thành viên Hương Thảo Thành,"Số 45 đường Lý Thường Kiệt, phường Đông Lương, TP Đông Hà, tỉnh Quảng Trị",Chi cục Thuế khu vực XI
1712,3200543866,Công ty Trách nhiệm hữu hạn Một thành viên Hường Chua,"Số 33 Quốc lộ 9, phường 1, TP Đông Hà, tỉnh Quảng Trị",Chi cục Thuế khu vực XI
1713,3200563083,Công ty Trách nhiệm hữu hạn Duy Prosper,"Số 39/1 Quốc lộ 1, phường Đông Thanh, TP Đông Hà, tỉnh Quảng Trị",Chi cục Thuế khu vực XI
1714,3200567169,Công ty Trách nhiệm hữu hạn Một thành viên Châu Việt Phát,"Số 28 Lê Quý Đôn, phường 1, TP Đông Hà, tỉnh Quảng Trị",Chi cục Thuế khu vực XI
1715,3200567232,Công ty Trách nhiệm hữu hạn Một thành viên Việt Hùng Đào,"Số 43 đường Lê Quý Đôn, phường 1, TP Đông Hà, tỉnh Quảng Trị",Chi cục Thuế khu vực XI
1716,3200567803,Công ty Trách nhiệm hữu hạn Một thành viên Sodinha,"Số 214 đường Hùng Vương, phường Đông Lễ, TP Đông Hà, tỉnh Quảng Trị",Chi cục Thuế khu vực XI
1717,3200568243,Công ty Trách nhiệm hữu hạn Một thành viên Dhb Solutions,"Số 94/5 Hùng Vương, phường 5, TP Đông Hà, tỉnh Quảng Trị",Chi cục Thuế khu vực XI
1718,3200569790,Công ty Trách nhiệm hữu hạn Một thành viên Tin Học Trung Á,"Khu phố 4, phường Đông Thanh, TP Đông Hà, tỉnh Quảng Trị",Chi cục Thuế khu vực XI
1719,3200570041,Doanh nghiệp tư nhân Phước Thạnh Phát,"Số 09 đường Kim Đồng, phường 2, TP Đông Hà, tỉnh Quảng Trị",Chi cục Thuế khu vực XI
1720,3200573758,Công ty Trách nhiệm hữu hạn Bot Quảng Trị,"Km 763+800, Quốc lộ 1, xã Triệu Giang, huyện Triệu Phong, tỉnh Quảng Trị",Chi cục Thuế khu vực XI
1721,3200578259,Công ty Trách nhiệm hữu hạn Một thành viên Thảo Minh Tuệ,"Số 11 Võ Thị Sáu, khu phố 4, phường 1, TP Đông Hà, tỉnh Quảng Trị",Chi cục Thuế khu vực XI
1722,3200578308,Công ty Trách nhiệm hữu hạn Một thành viên Ắc quy Vĩnh Phú Quảng Trị,"Số 249 đường Lê Duẩn, phường Đông Lễ, TP Đông Hà, tỉnh Quảng Trị",Chi cục Thuế khu vực XI
1723,3200610865,Công ty Trách nhiệm hữu hạn Một thành viên Xuất nhập khẩu Thảo Anh,"Số 87 Nguyễn Trãi, Khu phố 4, phường 1, TP Đông Hà, tỉnh Quảng Trị",Chi cục Thuế khu vực XI
1724,3200628051,Công ty TNHH MTV Hải Anh Quảng Trị,"10/12 Nguyễn Thượng Hiền, Khu phố 3, phường 2, TP Đông Hà, tỉnh Quảng Trị",Chi cục Thuế khu vực XI
1725,3200629231,Công ty Trách nhiệm hữu hạn Một thành viên Tôn Quang Ánh,"Thôn Long Hợp, xã Tân Long, huyện Hướng Hoá, tỉnh Quảng Trị",Chi cục Thuế khu vực XI
1726,3200661919,Công ty TNHH Sản xuất và Kinh doanh Xuất nhập khẩu Nông Sản Fam Quảng Trị,"Tiểu khu 764 và 765, xã Cam Tuyền, huyện Cam Lộ, tỉnh Quảng Trị",Chi cục Thuế khu vực XI
1727,3200711817,Công ty Cổ phần Đầu tư QT2,"86 Nguyễn Công Hoan, Khu phố Tân Vĩnh, phường Đông Lương, TP Đông Hà, tỉnh Quảng Trị",Chi cục Thuế khu vực XI
1728,3200711863,Công ty Cổ phần Thép Hợp Kim Minh Phát,"Số 143A đường Lý Thường Kiệt, phường Đông Lương, TP Đông Hà, tỉnh Quảng Trị",Chi cục Thuế khu vực XI
1729,3200711895,Công ty TNHH Long Sơn Power,"Khu phố 3, phường Đông Lương, TP Đông Hà, tỉnh Quảng Trị",Chi cục Thuế khu vực XI
1730,3200711969,Công ty TNHH MTV Gas Quảng Trị,"Khu Công nghiệp Nam Đông Hà, phường Đông Lương, TP Đông Hà, tỉnh Quảng Trị",Chi cục Thuế khu vực XI
1731,3200711905,Công ty TNHH Đầu tư Thương mại Tổng hợp Bảo Sơn,"Số 25 đường Nguyễn Chí Thanh, Khu phố 6, phường 5, TP Đông Hà, tỉnh Quảng Trị",Chi cục Thuế khu vực XI
1732,3200711912,Công ty TNHH Đầu tư Thương mại Tổng hợp Hoàng Lam,"Khu phố 8, phường 3, thị xã Quảng Trị, tỉnh Quảng Trị",Chi cục Thuế khu vực XI
1733,3200712017,Công ty Cổ phần Đầu tư Xây dựng Hoàng Anh Quảng Trị,"Số 141 đường 2 tháng 4, khu phố, thị trấn Gio Linh, huyện Gio Linh, tỉnh Quảng Trị",Chi cục Thuế khu vực XI
1734,3200712144,Công ty Trách nhiệm hữu hạn Một thành viên Thế Thony,"Đường An Đôn, Khu phố 3, phường An Đôn, thị xã Quảng Trị, tỉnh Quảng Trị",Chi cục Thuế khu vực XI
1735,3200712761,Công ty TNHH MTV Đầu tư Thương mại Tổng hợp Hà Vy,"155/26 Lê Duẩn, Khu phố 5, phường 2, TP Đông Hà, tỉnh Quảng Trị",Chi cục Thuế khu vực XI
1736,3200712923,Công ty Cổ phần Gỗ Ngân Hà GTN,"Thôn Tân Phước, xã Hải Lâm, huyện Hải Lăng, tỉnh Quảng Trị",Chi cục Thuế khu vực XI
1737,3200477797-001,Văn phòng đại diện Công ty Trách nhiệm hữu hạn CCS Mukdahan - Trung tâm Trưng Bày và Hỗ Trợ Đại Lý M,"Số 10 Hai Bà Trưng, Khu phố 2, phường 1, TP Đông Hà, tỉnh Quảng Trị",Chi cục Thuế khu vực XI
1738,3200098358,Công An tỉnh Quảng Trị,"Đường Điện Biên Phủ, phường Đông Lương, TP Đông Hà, tỉnh Quảng Trị",Chi cục Thuế khu vực XI
1739,3200098407,Bộ chỉ huy Bộ đội biên phòng tỉnh Quảng Trị,"323 Hùng Vương, TP Đông Hà, tỉnh Quảng Trị",Chi cục Thuế khu vực XI
1740,3200144011,Bộ Chỉ Huy Quân Sự tỉnh Quảng Trị,"Khu phố Tân Vĩnh, phường Đông Lương, TP Đông Hà, tỉnh Quảng Trị",Chi cục Thuế khu vực XI
1741,3200135560,Sở Giáo Dục Đào tạo Quảng Trị,"136 Quốc lộ 9, TP Đông Hà, tỉnh Quảng Trị",Chi cục Thuế khu vực XI
1742,3200098238,Sở Giao thông Vận tải Quảng Trị,"73 Quốc lộ 9, phường 5, TP Đông Hà, tỉnh Quảng Trị",Chi cục Thuế khu vực XI
1743,3200152439,Ban Quản Lý Cảng Cá Quảng Trị,"thị trấn Cửa Tùng, huyện Vĩnh Linh, tỉnh Quảng Trị",Chi cục Thuế khu vực XI
1744,3200193611,Trường Trung Cấp Nghề Giao thông Vận tải Quảng Trị,"49 Lý thường kiệt, TP Đông Hà, tỉnh Quảng Trị",Chi cục Thuế khu vực XI
1745,3200040767,Trung tâm Khoa học Lâm nghiệp Bắc Trung Bộ,"273 Đường Lê Duẫn, phường Đông Lễ, TP Đông Hà, tỉnh Quảng Trị",Chi cục Thuế khu vực XI
1746,3200144540,Hội Nhà Báo Quảng Trị,"311 Hùng Vương, TP Đông Hà, tỉnh Quảng Trị",Chi cục Thuế khu vực XI
1747,3200131728,Trung tâm Kỹ Thuật Tài Nguyên và Môi Trường,"Đường Đặng Thí, Khu Đô thị Nam Đông Hà, phường Đông Lương, TP Đông Hà, tỉnh Quảng Trị",Chi cục Thuế khu vực XI
1748,3200197574,Trung tâm Dịch vụ Bán đấu giá tài sản Quảng Trị,"đường Điện Biên Phủ, TP Đông Hà, tỉnh Quảng Trị",Chi cục Thuế khu vực XI
1749,3200261251,Bệnh viện Mắt Quảng Trị,"309 Hùng Vương, TP Đông Hà, tỉnh Quảng Trị",Chi cục Thuế khu vực XI
1750,3200262544,Trung tâm Dịch vụ việc làm Quảng Trị,"34 Tôn Thất Thuyết, TP Đông Hà, tỉnh Quảng Trị",Chi cục Thuế khu vực XI
1751,3200275430,Trung tâm Kiểm soát bệnh tật tỉnh Quảng Trị,"Đường Hoàng Diệu, phường Đông Giang, TP Đông Hà, tỉnh Quảng Trị",Chi cục Thuế khu vực XI
1752,3200284964,Trung tâm Quan Trắc Tài Nguyên và Môi Trường,"phường Đông Lương, TP Đông Hà, tỉnh Quảng Trị",Chi cục Thuế khu vực XI
1753,3200386370,Ban quản lý dự án Đầu tư xây dựng khu kinh tế,"91 Lê Duẩn, phường 2, TP Đông Hà, tỉnh Quảng Trị",Chi cục Thuế khu vực XI
1754,3200393931,Phân Hiệu Đại học Huế tại Quảng Trị,"Đường Điện Biên Phủ, phường Đông Lương, TP Đông Hà, tỉnh Quảng Trị",Chi cục Thuế khu vực XI
1755,3200456370,Trung tâm Khuyến Công và Tư vấn Phát triển Công Nghiệp,"Phường Đông Lương, TP Đông Hà, tỉnh Quảng Trị",Chi cục Thuế khu vực XI
1756,3200221040-001,Trung tâm Đào tạo Tư vấn Phát triển Nông nghiệp Nông thôn Quảng Trị,"Quốc lộ 1A, xã Gio Quang, huyện Gio Linh, tỉnh Quảng Trị",Chi cục Thuế khu vực XI
1757,0400370654-002,Đài Khí Tượng Thủy Văn Tỉnh Quảng Trị,"Đường Lê Thánh Tông Khu phố 8, phường 5, TP Đông Hà, tỉnh Quảng Trị",Chi cục Thuế khu vực XI
1758,3200513526,Trường Mầm Non Sao Mai,"02 Đường Trần Đại Nghĩa, khu phố 1, phường 5, TP Đông Hà, tỉnh Quảng Trị",Chi cục Thuế khu vực XI
1759,3200600578,Trại Tạm Giam Công An Tỉnh Quảng Trị,"Khu phố 1, phường 1, TP Đông Hà, tỉnh Quảng Trị",Chi cục Thuế khu vực XI
1760,3200610382,Trung tâm Quy hoạch và Kiểm định Xây dựng,"71 Ngô Quyền, phường 5, TP Đông Hà, tỉnh Quảng Trị",Chi cục Thuế khu vực XI
1761,3200631600,Phòng Cảnh Sát Cơ Động,"Km2 Quốc lộ 9, phường 5, TP Đông Hà, tỉnh Quảng Trị",Chi cục Thuế khu vực XI
1762,3200639462,Trung tâm đào tạo và sát hạch lái xe Quảng Trị,"Km3+900, phường Đông Lương, TP Đông Hà, tỉnh Quảng Trị",Chi cục Thuế khu vực XI
1763,3200642747,Đoàn Kinh Tế Quốc Phòng 337,"Km 17 Đường Hồ Chí Minh, xã Hướng Phùng, huyện Hướng Hoá, tỉnh Quảng Trị",Chi cục Thuế khu vực XI
1764,3200711077,Công ty TNHH Thương mại Dịch vụ New City,"153 Lý Thường Kiệt, phường Đông Lương, TP Đông Hà, tỉnh Quảng Trị",Chi cục Thuế khu vực XI
1765,3200042637-001,Chi nhánh Hiệu thuốc Hướng Hóa,"Số 249 đường Lê Duẩn, thị trấn Khe Sanh, huyện Hướng Hoá, tỉnh Quảng Trị",Chi cục Thuế khu vực XI
1766,3200042637,Công ty Cổ phần Dược vật tư y tế Quảng Trị,"Số 185 Lê Duẩn, phường 2, TP Đông Hà, tỉnh Quảng Trị",Chi cục Thuế khu vực XI
1767,3200115130,Công ty Trách nhiệm hữu hạn Dược phẩm Hoàng Đức,"Số 129 Lê Thế Hiếu, phường 1, TP Đông Hà, tỉnh Quảng Trị",Đội Thuế liên huyện Đông Hà - Cam Lộ
1768,3200467615,Công ty Trách nhiệm hữu hạn Thương mại Dịch vụ & Dược phẩm Lạc Hồng,"Số 51 Quốc lộ 9, phường 5, TP Đông Hà, tỉnh Quảng Trị",Chi cục Thuế khu vực XI
1769,3200560734,Công ty Trách nhiệm hữu hạn Một thành viên Trương Hoàng Kim,"Tầng 2, số nhà 111, đường 9, thị trấn Lao Bảo, huyện Hướng Hoá, tỉnh Quảng Trị",Chi cục Thuế khu vực XI
1770,3200572176,Công ty Trách nhiệm hữu hạn Một thành viên Hòa Phát Đông Hà,"Số 373 Lê Duẩn, phường Đông Lễ, TP Đông Hà, tỉnh Quảng Trị",Chi cục Thuế khu vực XI
1771,3200578989,Công ty Trách nhiệm hữu hạn Một thành viên Toàn Phú Lợi,"Tầng 2, số nhà 53 Tôn Thất Thuyết, phường 5, TP Đông Hà, tỉnh Quảng Trị",Chi cục Thuế khu vực XI
1772,3200583636,Công ty Trách nhiệm hữu hạn Một thành viên An Bình Phú Thịnh,"Khu phố 3, phường Đông Lễ, TP Đông Hà, tỉnh Quảng Trị",Chi cục Thuế khu vực XI
1773,3200592648,Công ty Trách nhiệm hữu hạn Một thành viên LB Phú Trọng,"Khóm Trung Chín, thị trấn Lao Bảo, huyện Hướng Hoá, tỉnh Quảng Trị",Chi cục Thuế khu vực XI
1774,0100686174-345,Ngân hàng Nông Nghiệp và Phát triển Nông Thôn Việt Nam - Chi nhánh Thành phố Đông Hà Quảng Trị,"Số 225 Đường Hùng Vương, phường Đông Lễ, TP Đông Hà, tỉnh Quảng Trị",Chi cục Thuế khu vực XI
1775,0100686174-340,Ngân hàng Nông Nghiệp và Phát triển Nông Thôn Việt Nam - Chi nhánh huyện Vĩnh Linh Quảng Trị,"Đường Hùng Vương, thị trấn Hồ Xá, huyện Vĩnh Linh, tỉnh Quảng Trị",Chi cục Thuế khu vực XI
1776,0100686174-187,Ngân hàng Nông Nghiệp và Phát triển Nông Thôn Việt Nam Chi nhánh Tỉnh Quảng Trị,"Số 01 đường Lê Quý Đôn, phường 1, TP Đông Hà, tỉnh Quảng Trị",Chi cục Thuế khu vực XI
1777,0100686174-341,Ngân hàng Nông Nghiệp và Phát triển Nông Thôn Việt Nam - Chi nhánh huyện Gio Linh Quảng Trị,"Quốc Lộ 1A, thị trấn Gio Linh, huyện Gio Linh, tỉnh Quảng Trị",Chi cục Thuế khu vực XI
1778,0100686174-338,Ngân hàng Nông Nghiệp và Phát triển Nông Thôn Việt Nam - Chi nhánh huyện Hướng Hóa Quảng Trị,"Km 63 Quốc Lộ 9, thị trấn Khe Sanh, huyện Hướng Hoá, tỉnh Quảng Trị",Chi cục Thuế khu vực XI
1779,0100686174-336,Ngân hàng Nông Nghiệp và Phát triển Nông Thôn Việt Nam - Chi nhánh Thị Xã Quảng Trị,"Số 297 Đường Trần Hưng Đạo, phường 2, thị xã Quảng Trị, tỉnh Quảng Trị",Chi cục Thuế khu vực XI
1780,0100686174-339,Ngân hàng Nông Nghiệp và Phát triển Nông Thôn Việt Nam - Chi nhánh huyện Cam Lộ Quảng Trị,"Km 12 Quốc Lộ 9, thị trấn Cam Lộ, huyện Cam Lộ, tỉnh Quảng Trị",Chi cục Thuế khu vực XI
1781,0100686174-344,Ngân hàng Nông Nghiệp và Phát triển Nông Thôn Việt Nam - Chi nhánh huyện Hải Lăng Quảng Trị,"Số 01 Đường Hùng Vương, thị trấn Diên Sanh, huyện Hải Lăng, tỉnh Quảng Trị",Chi cục Thuế khu vực XI
1782,0100686174-343,Ngân hàng Nông Nghiệp và Phát triển Nông Thôn Việt Nam - Chi nhánh huyện Triệu Phong Quảng Trị,"Số 135 Đường Lê Duẩn, thị trấn ái Tử, huyện Triệu Phong, tỉnh Quảng Trị",Chi cục Thuế khu vực XI
1783,0100686174-337,Ngân hàng Nông Nghiệp và Phát triển Nông Thôn Việt Nam - Chi nhánh Lao Bảo Quảng Trị,"Số 05 Đường Lý Thường Kiệt, thị trấn Lao Bảo, huyện Hướng Hoá, tỉnh Quảng Trị",Chi cục Thuế khu vực XI
1784,0100686174-342,Ngân hàng Nông Nghiệp và Phát triển Nông Thôn Việt Nam - Chi nhánh huyện Đa Krông Quảng Trị,"Km 41 Quốc Lộ 9, thị trấn Krông Klang, huyện Đa Krông, tỉnh Quảng Trị",Chi cục Thuế khu vực XI
1785,3200592704,Công ty Trách nhiệm hữu hạn Một thành viên Việt Hùng Quân,"Khu dân cư đường Thanh Niên, Khu phố 2, phường Đông Giang, TP Đông Hà, tỉnh Quảng Trị",Chi cục Thuế khu vực XI
1786,3200593602,Công ty Trách nhiệm hữu hạn Một thành viên Thương mại Đầu tư Liên Quân,"Số 19 Lê Quý Đôn, Khóm An Hà, thị trấn Lao Bảo, huyện Hướng Hoá, tỉnh Quảng Trị",Chi cục Thuế khu vực XI
1787,3200593842,Công ty Trách nhiệm hữu hạn Song Thảo Anh,"Số 61B Hải Triều, phường 1, TP Đông Hà, tỉnh Quảng Trị",Chi cục Thuế khu vực XI
1788,3200594116,Công ty Trách nhiệm hữu hạn Hai Thành Viên Dohaimex,"Số 08 Đoàn Thị Điểm, phường Đông Lễ, TP Đông Hà, tỉnh Quảng Trị",Chi cục Thuế khu vực XI
1789,3200615609,Công ty TNHH Thương mại Hiếu Phát Quảng Trị,"Khu phố 3, phường 1, TP Đông Hà, tỉnh Quảng Trị",Chi cục Thuế khu vực XI
1790,3200616144,Công ty Trách nhiệm hữu hạn Một thành viên Sao Mộc Kim,"Khu phố 6, phường 5, TP Đông Hà, tỉnh Quảng Trị",Chi cục Thuế khu vực XI
1791,3200639938,Công ty Cổ phần Nước sạch & Môi trường KFC Quảng Trị,"Số 139 Quốc lộ 1A, phường Đông Thanh, TP Đông Hà, tỉnh Quảng Trị",Chi cục Thuế khu vực XI
1792,3200642144,Công ty Cổ phần Phát Đạt Miền Trung,"Khu phố 9, phường 5, TP Đông Hà, tỉnh Quảng Trị",Chi cục Thuế khu vực XI
1793,3200642320,Công ty TNHH Một thành viên Thương mại và Dịch vụ Ngọc Ngân,"Số 76A Lê Thế Hiếu, phường 1, TP Đông Hà, tỉnh Quảng Trị",Chi cục Thuế khu vực XI
1794,3200642641,Công ty Cổ phần Nội Thất Miền Trung,"Khu Công nghiệp Nam Đông Hà, phường Đông Lương, TP Đông Hà, tỉnh Quảng Trị",Chi cục Thuế khu vực XI
1795,3200642666,Công ty TNHH Thuận Thành Quảng Trị,"Đội 1, Thôn Như Lệ, xã Hải Lệ, thị xã Quảng Trị, tỉnh Quảng Trị",Chi cục Thuế khu vực XI
1796,3200657253,Công ty Trách nhiệm hữu hạn Cấp cứu vận chuyển người bệnh 115 Quảng Trị,"Số 16 Nguyễn Quang Xá, Khu phố 1, phường Đông Lương, TP Đông Hà, tỉnh Quảng Trị",Chi cục Thuế khu vực XI
1797,3200657704,Công ty Trách nhiệm hữu hạn Một thành viên Ngọc Hân Lao Bảo,"Số 178 Quốc lộ 9, thị trấn Lao Bảo, huyện Hướng Hoá, tỉnh Quảng Trị",Chi cục Thuế khu vực XI
1798,3200657937,Công ty Cổ phần Vật Liệu Xây dựng Trọng Tâm,"Số 49 Lý Thường Kiệt, phường Đông Lương, TP Đông Hà, tỉnh Quảng Trị",Chi cục Thuế khu vực XI
1799,3200658063,Công ty TNHH Lộc Thịnh Quảng Trị,"Số 33 Lê Quý Đôn, phường 1, TP Đông Hà, tỉnh Quảng Trị",Chi cục Thuế khu vực XI
1800,3200659853,Công ty TNHH Thương mại và Dịch vụ Sport Dream Đinh Thành,"Khu phố 1, phường 5, TP Đông Hà, tỉnh Quảng Trị",Chi cục Thuế khu vực XI
1801,3200661210,Công ty TNHH Công Nhất QT,"Thôn Tà Puồng, xã Hướng Việt, huyện Hướng Hoá, tỉnh Quảng Trị",Chi cục Thuế khu vực XI
1802,3200661771,Công ty Trách nhiệm hữu hạn Một thành viên Hà Tuấn Lan,"17/165 Đường Lê Lợi, phường Đông Lương, TP Đông Hà, tỉnh Quảng Trị",Chi cục Thuế khu vực XI
1803,3200667163,Công ty TNHH Một thành viên Phước Thiện An,"211 Nguyễn Du, phường 5, TP Đông Hà, tỉnh Quảng Trị",Chi cục Thuế khu vực XI
1804,3200667519,Công ty TNHH Một thành viên Thương mại và Xây dựng Gia Việt,"Đường Triệu Việt Vương, Khu phố Đại Áng, phường Đông Lương, TP Đông Hà, tỉnh Quảng Trị",Chi cục Thuế khu vực XI
1805,3200677309,Công ty TNHH Nhiên Thảo Quảng Trị,"142 Võ Nguyên Giáp, Khu phố 7, thị trấn Gio Linh, huyện Gio Linh, tỉnh Quảng Trị",Chi cục Thuế khu vực XI
1806,3200684377,Công ty Cổ phần Kính cường lực Quảng Trị,"Khu Công nghiệp Nam Đông Hà, phường Đông Lương, TP Đông Hà, tỉnh Quảng Trị",Chi cục Thuế khu vực XI
1807,3200685740,Công ty TNHH Đại Minh Quảng Trị,"Khu phố 3, phường Đông Lương, TP Đông Hà, tỉnh Quảng Trị",Chi cục Thuế khu vực XI
1808,3200686991,Công ty TNHH MTV Kiến Tạo Quảng Trị,"Khu phố 3, phường Đông Lương, TP Đông Hà, tỉnh Quảng Trị",Chi cục Thuế khu vực XI
1809,3200688861,Công ty Trách nhiệm hữu hạn Một thành viên 99 Bảo Ngọc,"Số 99 Nguyễn Bỉnh Khiêm, Khu phố 6, phường 1, TP Đông Hà, tỉnh Quảng Trị",Chi cục Thuế khu vực XI
1810,3200698355,Công ty TNHH MTV Thiên Thanh Quảng Trị,"Km 38, Quốc lộ 9, xã Hướng Hiệp, huyện Đa Krông, tỉnh Quảng Trị",Chi cục Thuế khu vực XI
1811,3200700678,Công ty Cổ phần Đầu tư và Phát triển Tâm Xanh,"06 Ngô Quyền, thị trấn Diên Sanh, huyện Hải Lăng, tỉnh Quảng Trị",Chi cục Thuế khu vực XI
1812,0315275368-012,Công ty Cổ phần Dược Phẩm FPT Long Châu - Nhà Thuốc Long Châu 88,"Số 120 Hàm Nghi, Khu phố 6, phường 5, TP Đông Hà, tỉnh Quảng Trị",Chi cục Thuế khu vực XI
1813,3200707070,Công ty Cổ phần Đầu tư và Tiếp Vận Tín Nghĩa,"Thôn Lương Lễ, xã Tân Hợp, huyện Hướng Hoá, tỉnh Quảng Trị",Chi cục Thuế khu vực XI
1814,3200706743,Công ty Cổ phần Đầu tư Vĩnh Linh,"Nguyễn Lương Bằng, Khóm 9, thị trấn Hồ Xá, huyện Vĩnh Linh, tỉnh Quảng Trị",Chi cục Thuế khu vực XI
1815,3200706729,Công ty Cổ phần Thương mại Đầu tư Đức Tú,"Thôn Xa Lăng, xã Đa Krông, huyện Đa Krông, tỉnh Quảng Trị",Chi cục Thuế khu vực XI
1816,3200707271,Công ty TNHH Năng lượng Tái Tạo Quảng Trị,"101C Nguyễn Trãi, phường 1, TP Đông Hà, tỉnh Quảng Trị",Chi cục Thuế khu vực XI
1817,3200638236,Công ty TNHH MTV Thương mại và Dịch vụ Hiệp Hưng Thịnh,"Số nhà 213 Đường Hàm Nghi, phường 5, TP Đông Hà, tỉnh Quảng Trị",Chi cục Thuế khu vực XI
1818,3200611932,Công ty Trách nhiệm hữu hạn Một thành viên Gia Hân Quảng Trị,"Số 30 Chu Mạnh Trinh, phường 1, TP Đông Hà, tỉnh Quảng Trị",Chi cục Thuế khu vực XI
1819,3200707306,Công ty TNHH 68 Khánh Ngân,"170 Lê Thế Tiết, Khóm Cao Việt, thị trấn Lao Bảo, huyện Hướng Hoá, tỉnh Quảng Trị",Chi cục Thuế khu vực XI
1820,3200707338,Công ty Trách nhiệm hữu hạn Một thành viên Thành Liên Quảng Trị,"37 Ông ích Khiêm, Khu phố 1, phường 1, TP Đông Hà, tỉnh Quảng Trị",Chi cục Thuế khu vực XI
1821,3200707391,Công ty TNHH Khe Mây,"01 Lê Hồng Phong, phường 5, TP Đông Hà, tỉnh Quảng Trị",Chi cục Thuế khu vực XI
1822,0315275368-055,Công ty Cổ phần Dược Phẩm FPT Long Châu - Nhà Thuốc Long Châu 176,"Số 71 Lê Lợi, Khu phố 2, phường 5, TP Đông Hà, tỉnh Quảng Trị",Chi cục Thuế khu vực XI
1823,0316031131-009,Chi nhánh Công ty Cổ phần Cà Phê Ông Bầu,"Số 50 Ngô Quyền (góc đường Ngô Quyền và đường Lê Hồng Phong), phường 5, TP Đông Hà, tỉnh Quảng Trị",Chi cục Thuế khu vực XI
1824,1101550146-017,Địa điểm kinh doanh - Chi nhánh Hưng Yên - Công ty Cổ phần Anova Feed,"Thôn Tây Trường, xã Vĩnh Chấp, huyện Vĩnh Linh, tỉnh Quảng Trị",Chi cục Thuế khu vực XI
1825,3200193121,Công ty Trách nhiệm hữu hạn Minh Anh,"Số 02 Duy Tân, phường Đông Lương, TP Đông Hà, tỉnh Quảng Trị",Chi cục Thuế khu vực XI
1826,3200234057,Công ty Trách nhiệm hữu hạn Phương Thảo,"K3 Khu công nghiệp Nam Đông Hà, phường Đông Lương, TP Đông Hà, tỉnh Quảng Trị",Chi cục Thuế khu vực XI
1827,3200290485,Công ty Trách nhiệm hữu hạn Sản xuất Thương mại và Dịch vụ Nam Cảnh,"Khu phố 9, phường 1, TP Đông Hà, tỉnh Quảng Trị",Chi cục Thuế khu vực XI
1828,3200293493,Công ty TNHH Một thành viên Hòa Hiếu,"Số 77 - Quốc lộ 9, phường 5, TP Đông Hà, tỉnh Quảng Trị",Chi cục Thuế khu vực XI
1829,3200307629,Công ty Trách nhiệm hữu hạn Một thành viên TSK,"Khóm Trung Chín, thị trấn Lao Bảo, huyện Hướng Hoá, tỉnh Quảng Trị",Chi cục Thuế khu vực XI
1830,3200305082,Công ty TNHH Một thành viên AK Anh Khoa,"Khu phố 1, phường Đông Giang, TP Đông Hà, tỉnh Quảng Trị",Chi cục Thuế khu vực XI
1831,3200310540,Công ty Trách nhiệm hữu hạn Một thành viên Quảng cáo Ngọc Ánh,"Số 77A Đặng Dung, phường 2, TP Đông Hà, tỉnh Quảng Trị",Chi cục Thuế khu vực XI
1832,3200346018,Công ty Trách nhiệm hữu hạn Hoàng Anh DHS,"Số 75 đường Đặng Dung, phường 2, TP Đông Hà, tỉnh Quảng Trị",Chi cục Thuế khu vực XI
1833,3200332840,Công ty TNHH Hùng Long,"Số 80 Hùng Vương, phường 5, TP Đông Hà, tỉnh Quảng Trị",Chi cục Thuế khu vực XI
1834,3200360703,Công ty Trách nhiệm hữu hạn Một thành viên Minh Sơn,"Số 145B quốc lộ 9, Khu phố 5, phường 5, TP Đông Hà, tỉnh Quảng Trị",Chi cục Thuế khu vực XI
1835,3200392127,Công ty Trách nhiệm hữu hạn Một thành viên Bảo Trâm,"Số 8/4 Đoàn Thị Điểm, Phường đông Lễ, TP Đông Hà, tỉnh Quảng Trị",Chi cục Thuế khu vực XI
1836,0306230988-016,Văn phòng đại diện Công ty Cổ phần Thẩm Định Giá E Xim tại tỉnh Quảng Trị,"Đường Trần Nhật Duật, Khu phố Tây Trì, phường 1, TP Đông Hà, tỉnh Quảng Trị",Chi cục Thuế khu vực XI
1837,0401376024-003,Văn phòng đại diện Công ty Cổ phần Cơ điện và PCCC Sao Việt tại Quảng Trị,"96 Quốc Lộ 9, phường 1, TP Đông Hà, tỉnh Quảng Trị",Chi cục Thuế khu vực XI
1838,0105763464-012,Văn phòng đại diện Công ty Cổ phần Thẩm Định Giá Btcvalue tại Quảng Trị,"113 Đường Lê Thế Hiếu, phường 1, TP Đông Hà, tỉnh Quảng Trị",Chi cục Thuế khu vực XI
1839,0101377404-006,Văn phòng đại diện Công ty Cổ phần Xuất khẩu Lao động và Thương mại Du lịch tại Quảng Trị,"Thôn Tân Xuân, xã Gio Việt, huyện Gio Linh, tỉnh Quảng Trị",Chi cục Thuế khu vực XI
1840,0101104372-051,Công ty TNHH Kerry Express (Việt Nam) - Văn phòng đại diện Quảng Trị,"Số 555 Lê Duẩn, phường Đông Lương, TP Đông Hà, tỉnh Quảng Trị",Chi cục Thuế khu vực XI
1841,0105758048-003,Công ty Cổ phần Thương mại Tam Quy - Văn phòng đại diện tại tỉnh Quảng Trị,"Số 179 đường Lý Thường Kiệt, phường Đông Lễ, TP Đông Hà, tỉnh Quảng Trị",Chi cục Thuế khu vực XI
1842,4201582789-001,Văn phòng đại diện Công ty Cổ phần Thức Ăn Chăn Nuôi Khatoco tại Quảng Trị,"Số 258 Điện Biên Phủ, phường Đông Lương, TP Đông Hà, tỉnh Quảng Trị",Chi cục Thuế khu vực XI
1843,0312803588-023,Công ty Cổ phần Đầu tư Thương mại Phát triển Nhất Tín Văn phòng đại diện Quảng Trị,"Số 34 đường Bùi Thị Xuân, phường 2, TP Đông Hà, tỉnh Quảng Trị",Chi cục Thuế khu vực XI
1844,3200631128,Công ty Cổ phần Phát triển Công nghệ Mới Thl,"Số 25 Lê Thế Hiếu, Khu phố 8, phường 1, TP Đông Hà, tỉnh Quảng Trị",Chi cục Thuế khu vực XI
1845,3200639504,Công ty TNHH Sinh học Miền Trung,"Số 141 Hàm Nghi, Khu phố 9, phường 5, TP Đông Hà, tỉnh Quảng Trị",Chi cục Thuế khu vực XI
1846,5800268460-008,Văn phòng đại diện Công ty TNHH Xuất nhập khẩu Khoáng sản Duy Tân,"Số 214 đường Lê Duẩn, phường Đông Lễ, TP Đông Hà, tỉnh Quảng Trị",Chi cục Thuế khu vực XI
1847,0106879528-002,Văn phòng đại diện Công ty Cổ phần Giám định và Thẩm định giá Phương Đông tại Quảng Trị,"Số 21 Nguyễn Gia Thiều, phường 1, TP Đông Hà, tỉnh Quảng Trị",Chi cục Thuế khu vực XI
1848,0106103598-010,Văn phòng đại diện Công ty Cổ phần GLC Việt Nam - tại Quảng Trị,"Thôn Hòa Bình, xã Vĩnh Long, huyện Vĩnh Linh, tỉnh Quảng Trị",Chi cục Thuế khu vực XI
1849,0102078485-009,Công ty TNHH Kiểm toán Đại Dương - Văn phòng đại diện tại tỉnh Quảng Trị,"150/12 Hoàng Diệu, phường Đông Thanh, TP Đông Hà, tỉnh Quảng Trị",Chi cục Thuế khu vực XI
1850,3200041094,Công ty Cổ phần Khách sạn Du lịch Công đoàn Quảng Trị,"Số 04 Lê Lợi, phường 5, TP Đông Hà, tỉnh Quảng Trị",Chi cục Thuế khu vực XI
1851,3200309288,Công ty Cổ phần Gas Đại Sự,"Khu phố 1, phường Đông Lễ, TP Đông Hà, tỉnh Quảng Trị",Chi cục Thuế khu vực XI
1852,0106104986-069,Công ty CP Hợp tác Đào tạo và Phát triển Nguồn Nhân Lực Việt Nam - Văn phòng đại diện Quảng Trị,"Tầng 2 - Tòa nhà Thu Nghĩa, Ngã Tư Sòng, xã Thanh An, huyện Cam Lộ, tỉnh Quảng Trị",Chi cục Thuế khu vực XI
1853,0800480475-007,Văn phòng đại diện tại Quảng Trị - Công ty TNHH Thiên Sư Việt Nam,"Số 56/17 Đường Ngô Sỹ Liên, phường 2, TP Đông Hà, tỉnh Quảng Trị",Chi cục Thuế khu vực XI
1854,0101904467-002,Văn phòng đại diện Công ty Cổ phần Công nghệ và Định Giá EQ - Hà Nội tại Quảng Trị,"Số 32 Đoàn Khuê, phường 5, TP Đông Hà, tỉnh Quảng Trị",Chi cục Thuế khu vực XI
1855,3200687064,Công ty TNHH Đầu tư Sản xuất Năng lượng TNC Quảng Trị,"Cụm Công nghiệp Đông Gio Linh, xã Gio Việt, huyện Gio Linh, tỉnh Quảng Trị",Chi cục Thuế khu vực XI
1856,3200688597,Công ty TNHH Holavina,"Số 30 Lê Duẩn, thị trấn Khe Sanh, huyện Hướng Hoá, tỉnh Quảng Trị",Chi cục Thuế khu vực XI
1857,0108567242-013,Địa điểm Kinh doanh Công ty Cổ phần Đầu tư và Kinh doanh Bất động sản Hải Phát - tại Quảng Trị,"Số 121 đường Nguyễn Huệ, phường 1, TP Đông Hà, tỉnh Quảng Trị",Chi cục Thuế khu vực XI
2448,3200722625,"CHUNJO CORPORATION CO., LTD.","Tiểu khu 692 RPH, xã Tân Thành, huyện Hướng Hoá, tỉnh Quảng Trị",Chi cục Thuế khu vực XI
1858,3700723994-027,Chi nhánh Công ty TNHH Yakult Việt Nam tại tỉnh Quảng Trị,"Số 17 đường Hàm Nghi, Khu phố 6, phường 1, TP Đông Hà, tỉnh Quảng Trị",Chi cục Thuế khu vực XI
1859,0102576353-022,Văn phòng đại diện VVFC Bình-Trị-Thiên của Công ty Cổ phần Định giá và Dịch vụ Tài chính Việt Nam VV,"Số 96 đường Thành Cổ, phường 3, TP Đông Hà, tỉnh Quảng Trị",Chi cục Thuế khu vực XI
1860,0200383487-016,Địa điểm kinh doanh Dịch vụ Công ty TNHH Vận tải Hoàng Long tại Quảng Trị,"Số 443 Lê Duẩn, phường Đông Lương, TP Đông Hà, tỉnh Quảng Trị",Chi cục Thuế khu vực XI
1861,3100316323-004,Chi nhánh Công ty TNHH Hải Vân tại Quảng Trị,"Thôn Tân Hiếu, xã Cam Hiếu, huyện Cam Lộ, tỉnh Quảng Trị",Chi cục Thuế khu vực XI
1862,3200192921,Công ty Trách nhiệm hữu hạn Một thành viên Công nghệ tin học Duy Long,"132-134 đường Hùng Vương, phường 5, TP Đông Hà, tỉnh Quảng Trị",Chi cục Thuế khu vực XI
1863,3200137173,Công ty TNHH Một thành viên Thương mại Hải Đăng Quảng Trị,"Số 26 Nguyễn Công Trứ, phường 5, TP Đông Hà, tỉnh Quảng Trị",Chi cục Thuế khu vực XI
1864,3200268401,Công ty Trách nhiệm hữu hạn Trúc Minh Lâm,"Khu Công Nghiệp Cam Thành ( Khu vực Tân định), xã Cam Thành, huyện Cam Lộ, tỉnh Quảng Trị",Chi cục Thuế khu vực XI
1865,3200572401,Công ty Trách nhiệm hữu hạn Một thành viên Mộc Mỹ Nghệ Nguyễn,"Khu Công nghiệp Nam Đông Hà, phường Đông Lương, TP Đông Hà, tỉnh Quảng Trị",Chi cục Thuế khu vực XI
1866,3200576886,Công ty Trách nhiệm hữu hạn Một thành viên Thái Nam Long,"Số 45 Tôn Thất Thuyết, phường 5, TP Đông Hà, tỉnh Quảng Trị",Chi cục Thuế khu vực XI
1867,3200583033,Công ty Trách nhiệm hữu hạn Một thành viên Đức Lương Thịnh,"Số 326 Quốc lộ 9, thị trấn Lao Bảo, huyện Hướng Hoá, tỉnh Quảng Trị",Chi cục Thuế khu vực XI
1868,3200584799,Công ty Trách nhiệm hữu hạn Một thành viên Hà Duy Nguyên,"Đường Trần Nhật Duật, phường 1, TP Đông Hà, tỉnh Quảng Trị",Chi cục Thuế khu vực XI
1869,3200591348,Công ty Trách nhiệm hữu hạn Một thành viên Thương mại và Dịch vụ Thái Nhật Vinh,"152 Lý Thường Kiệt, phường Đông Lễ, TP Đông Hà, tỉnh Quảng Trị",Chi cục Thuế khu vực XI
1870,3200591595,Công ty Trách nhiệm hữu hạn Một thành viên Ngọc Bảo Phú,"Số 03 Lê Trực, Khu phố 1, phường Đông Giang, TP Đông Hà, tỉnh Quảng Trị",Chi cục Thuế khu vực XI
1871,3200592768,Roots Of Peace,"Trung tâm phục vụ Đối ngoại Quảng Trị, Khu phố 9, phường Đông Lễ, TP Đông Hà, tỉnh Quảng Trị",Chi cục Thuế khu vực XI
1872,3200593578,Công ty Trách nhiệm hữu hạn Một thành viên LV Thành Lợi,"Số 163 Tôn Thất Thuyết, phường 5, TP Đông Hà, tỉnh Quảng Trị",Chi cục Thuế khu vực XI
1873,3200596064,Công ty Trách nhiệm hữu hạn Một thành viên Ene Power,"Khu công nghiệp Nam Đông Hà, phường Đông Lương, TP Đông Hà, tỉnh Quảng Trị",Chi cục Thuế khu vực XI
1874,3200600560,Công ty Trách nhiệm hữu hạn Một thành viên Sản xuất Thương mại Xuất nhập khẩu Tâm Đức,"Số 215 Lý Thường Kiệt, phường 5, TP Đông Hà, tỉnh Quảng Trị",Chi cục Thuế khu vực XI
1875,3200614549,Công ty Trách nhiệm hữu hạn Một thành viên 57 Cương Hà,"Khu phố 2, đường Lý Thường Kiệt, phường Đông Lương, TP Đông Hà, tỉnh Quảng Trị",Chi cục Thuế khu vực XI
1876,3200615091,Công ty Trách nhiệm hữu hạn Một thành viên Huy An Quảng Trị,"Số 01 Lý Thường Kiệt, thị trấn Lao Bảo, huyện Hướng Hoá, tỉnh Quảng Trị",Chi cục Thuế khu vực XI
1877,3200615408,Công ty Trách nhiệm hữu hạn Một thành viên Toàn Thắng Quảng Trị,"Số 04 Chu Văn An, phường Đông Lễ, TP Đông Hà, tỉnh Quảng Trị",Chi cục Thuế khu vực XI
1878,3200620380,Công ty TNHH Bảo Lâm Quảng Trị,"Số 38 Đoàn Hữu Trưng, phường Đông Lương, TP Đông Hà, tỉnh Quảng Trị",Chi cục Thuế khu vực XI
1879,3200625879,Công ty Trách nhiệm hữu hạn Một thành viên Máy tính Thanh Nguyên,"Khu phố 4, phường Đông Giang, TP Đông Hà, tỉnh Quảng Trị",Chi cục Thuế khu vực XI
1880,3200631689,Công ty Trách nhiệm hữu hạn Một thành viên Lê Thành Nhân,"Số 87 Lê Duẩn, phường 2, TP Đông Hà, tỉnh Quảng Trị",Chi cục Thuế khu vực XI
1881,3200639198,Công ty Trách nhiệm hữu hạn Thích Nguyên,"Số 433, quốc lộ 9, phường 3, TP Đông Hà, tỉnh Quảng Trị",Chi cục Thuế khu vực XI
1882,3200639568,Công ty TNHH Một thành viên thiết bị văn phòng Nguyễn Long,"382 Lê Duẩn, Khu phố 2, phường Đông Lương, TP Đông Hà, tỉnh Quảng Trị",Chi cục Thuế khu vực XI
1883,3200639695,Văn phòng luật sư Thiên Phong,"11B Nguyễn Chí Thanh, phường 5, TP Đông Hà, tỉnh Quảng Trị",Chi cục Thuế khu vực XI
1884,3200639737,Công ty TNHH Một thành viên Thịnh Phát Quảng Trị,"Khóm Tân Kim, thị trấn Lao Bảo, huyện Hướng Hoá, tỉnh Quảng Trị",Chi cục Thuế khu vực XI
1885,3200641101,Công ty TNHH Thương Việt Á,"Số 04 Thái Phiên, Khu phố 3, phường 1, TP Đông Hà, tỉnh Quảng Trị",Chi cục Thuế khu vực XI
1886,3200641824,Công ty Trách nhiệm hữu hạn Ván ép Cam Lộ,"Thôn Tân Trang, xã Cam Thành, huyện Cam Lộ, tỉnh Quảng Trị",Chi cục Thuế khu vực XI
1887,3200643042,Công ty TNHH MTV Kiều Trân Phát,"Số 12 Trần Phú, thị trấn Hải Lăng (hết hiệu lực), huyện Hải Lăng, tỉnh Quảng Trị",Chi cục Thuế khu vực XI
1888,3200643109,Công ty Trách nhiệm hữu hạn Xe Bus Quảng Trị,"Thửa đất số 38 - Đường Điện Biên Phủ, phường Đông Lễ, TP Đông Hà, tỉnh Quảng Trị",Chi cục Thuế khu vực XI
1889,3200643331,Công ty Trách nhiệm hữu hạn Một thành viên Dothacons,"10/5 Lê Trực, phường Đông Thanh, TP Đông Hà, tỉnh Quảng Trị",Chi cục Thuế khu vực XI
1890,3200643807,Công ty TNHH MTV Quảng cáo Thiên Hy Long,"Số 05 Phan Văn Trị, phường 1, TP Đông Hà, tỉnh Quảng Trị",Chi cục Thuế khu vực XI
1891,0315295660,Công ty TNHH Lào Việt Phát triển,"Số 12, Nguyễn Du, Khóm 3, thị trấn Hồ Xá, huyện Vĩnh Linh, tỉnh Quảng Trị",Chi cục Thuế khu vực XI
1892,3200686462,Công ty TNHH MTV Thái Nguyễn Khương,"Khóm Tây Chín, thị trấn Lao Bảo, huyện Hướng Hoá, tỉnh Quảng Trị",Chi cục Thuế khu vực XI
1893,3200700188,Công ty Trách nhiệm hữu hạn VN & LB,"38/4 Tôn Thất Thuyết, Khu phố 6, phường 5, TP Đông Hà, tỉnh Quảng Trị",Chi cục Thuế khu vực XI
1894,3200707899,Công ty TNHH MTV Vân Châu Quảng Trị,"Số 30 Nguyễn Thị Lý, Khu phố 5, phường 2, thị xã Quảng Trị, tỉnh Quảng Trị",Chi cục Thuế khu vực XI
1895,3200708211,Công ty TNHH Bất động sản và Xây dựng Phúc Nguyên,"04 Bùi Dục Tài, phường 1, TP Đông Hà, tỉnh Quảng Trị",Chi cục Thuế khu vực XI
1896,3200708331,Công ty TNHH MTV Hoàng Thổ,"Thôn Nhà Tài, xã Vĩnh Long, huyện Vĩnh Linh, tỉnh Quảng Trị",Chi cục Thuế khu vực XI
1897,3200192921-003,Chi nhánh Công ty TNHH MTV CNTH Duy Long tại Gio Linh,"Thôn An Phú, xã Hải Thái, huyện Gio Linh, tỉnh Quảng Trị",Chi cục Thuế khu vực XI
1898,3200708518,Công ty TNHH Công nghệ và Đầu tư Quảng Trị,"Khu phố 2, phường Đông Giang, TP Đông Hà, tỉnh Quảng Trị",Chi cục Thuế khu vực XI
1899,4101393851-001,Công ty TNHH ANT (MV) - Chi nhánh Quảng Trị,"Thôn An Bình, xã Thanh An, huyện Cam Lộ, tỉnh Quảng Trị",Chi cục Thuế khu vực XI
1900,3200708966,Công ty TNHH MTV ĐT Năng lượng Hoàng Hải Quảng Trị,"Km số 1, đường Hồ Chí Minh, thị trấn Khe Sanh, huyện Hướng Hoá, tỉnh Quảng Trị",Chi cục Thuế khu vực XI
1901,3200708934,Công ty TNHH MTV ĐT Năng lượng Tài Tâm Quảng Trị,"Km số 1, đường Hồ Chí Minh, thị trấn Khe Sanh, huyện Hướng Hoá, tỉnh Quảng Trị",Chi cục Thuế khu vực XI
1902,3200710041,Công ty TNHH Đầu tư Xây lắp và Thương mại Nhật Huy,"Số nhà 12/01, đường Hùng Vương, Khu Phố 7, phường 1, TP Đông Hà, tỉnh Quảng Trị",Chi cục Thuế khu vực XI
1903,0400101556-020,Chi nhánh Tổng Công ty Cổ phần Dệt May Hòa Thọ - Nhà Máy May Hòa Thọ Triệu Phong,"Lô CN1, Cụm Công nghiệp Đông Ái Tử, thị trấn ái Tử, huyện Triệu Phong, tỉnh Quảng Trị",Chi cục Thuế khu vực XI
1904,3200593472,Công ty TNHH Thương mại Xuất nhập khẩu Ping Xiang Xinhui,"Khu Công nghiệp Quán Ngang, xã Gio Quang, huyện Gio Linh, tỉnh Quảng Trị",Chi cục Thuế khu vực XI
1905,3200192921-001,Chi nhánh Công ty TNHH MTV CNTH Duy Long,"140 Hàm Nghi, thị trấn Cam Lộ, huyện Cam Lộ, tỉnh Quảng Trị",Chi cục Thuế khu vực XI
1906,3200569141,Trường Trung Cấp Nghề Tổng hợp Asean,"Số 20 Lê Quý Đôn, thị trấn Lao Bảo, huyện Hướng Hoá, tỉnh Quảng Trị",Chi cục Thuế khu vực XI
1907,0109384717-009,Chi nhánh Quảng Trị - Công ty Cổ phần Tập đoàn Tài chính T99,"51 Lê Duẩn, phường 2, TP Đông Hà, tỉnh Quảng Trị",Chi cục Thuế khu vực XI
1908,0107490572-047,Chi nhánh Công ty Cổ phần Kinh doanh F88 tại Quảng Trị,"Số 242 Trần Hưng Đạo, phường 2, thị xã Quảng Trị, tỉnh Quảng Trị",Chi cục Thuế khu vực XI
1909,3200099993,Trung tâm đăng kiểm phương tiện cơ giới thủy bộ Quảng Trị,"61 Lý thường Kiệt, TP Đông Hà, tỉnh Quảng Trị",Chi cục Thuế khu vực XI
1910,3200042595,Đài Phát Thanh Truyền Hình Quảng Trị,"105/2 Nguyễn Trãi, TP Đông Hà, tỉnh Quảng Trị",Chi cục Thuế khu vực XI
1911,3200042605,Trung tâm Quản lý di tích và Bảo tàng tỉnh Quảng Trị,"180 Trần Hưng Đạo, TP Đông Hà, tỉnh Quảng Trị",Chi cục Thuế khu vực XI
1912,3200098340,Trung tâm Quản lý bến xe khách Quảng Trị,"425 Lê Duẩn, phường Đông Lễ, TP Đông Hà, tỉnh Quảng Trị",Chi cục Thuế khu vực XI
1913,3200098453,Phòng quản lý sức khỏe cán bộ,"38 Trần Hưng Đạo, khu phố 1, phường 1, TP Đông Hà, tỉnh Quảng Trị",Chi cục Thuế khu vực XI
1914,3200098460,Bệnh viện đa khoa tỉnh Quảng Trị,"266 Đường Hùng Vương, phường Đông Lương, TP Đông Hà, tỉnh Quảng Trị",Chi cục Thuế khu vực XI
1915,3200042316,Chi Cục Chăn nuôi và Thú y Quảng Trị,"Km3 - Đường 9D, TP Đông Hà, tỉnh Quảng Trị",Chi cục Thuế khu vực XI
1916,3200042186,Công ty Cổ phần Quản lý và Xây dựng Giao thông Quảng Trị,"Số 49B Lý Thường Kiệt, phường Đông Lương, TP Đông Hà, tỉnh Quảng Trị",Chi cục Thuế khu vực XI
1917,3200042267,Chi Cục Trồng trọt và Bảo vệ thực vật tỉnh Quảng Trị,"270 Hùng Vương, TP Đông Hà, tỉnh Quảng Trị",Chi cục Thuế khu vực XI
1918,3200142046,Trung tâm Giống Nông Nghiệp tỉnh Quảng Trị,"176 Lý Thường Kiệt, TP Đông Hà, tỉnh Quảng Trị",Chi cục Thuế khu vực XI
1919,3200114828,Công ty Trách nhiệm hữu hạn Thanh Niên,"Số 109 Nguyễn Huệ, phường 1, TP Đông Hà, tỉnh Quảng Trị",Chi cục Thuế khu vực XI
1920,3200139131,Công ty Cổ phần Đầu tư 79,"258 Hùng Vương, phường Đông Lương, TP Đông Hà, tỉnh Quảng Trị",Chi cục Thuế khu vực XI
1921,3200105125,Báo Quảng Trị,"311 Hùng Vương, TP Đông Hà, tỉnh Quảng Trị",Chi cục Thuế khu vực XI
1922,3200100511,Tạp Chí Cửa Việt,"128 Trần Hưng đạo, TP Đông Hà, tỉnh Quảng Trị",Chi cục Thuế khu vực XI
1923,3200098326,Đoạn Quản lý đường thủy nội địa Quảng Trị,"Đường Bùi Thị Xuân, phường 2, TP Đông Hà, tỉnh Quảng Trị",Chi cục Thuế khu vực XI
1924,3200098319,Phòng Công chứng Số 1 Tỉnh Quảng Trị,"40 Trần Hưng Đạo, TP Đông Hà, tỉnh Quảng Trị",Chi cục Thuế khu vực XI
1925,3200011420,Công ty Trách nhiệm hữu hạn Xây dựng Số 1 Quảng Trị,"Tầng 2 số 524 đường Lê Duẩn, phường Đông Lương, TP Đông Hà, tỉnh Quảng Trị",Chi cục Thuế khu vực XI
1926,3200196411,Trường Cao đẳng Y tế Quảng Trị,"Khu phố 3, phường Đông Lương, TP Đông Hà, tỉnh Quảng Trị",Chi cục Thuế khu vực XI
1927,3200199902,Trung tâm phát triển quỹ đất tỉnh Quảng Trị,"09 Lê Quý Đôn, TP Đông Hà, tỉnh Quảng Trị",Chi cục Thuế khu vực XI
1928,3200220801,Trường Cao Đẳng Sư Phạm Quảng Trị,"Km3 Quốc lộ 9, TP Đông Hà, tỉnh Quảng Trị",Chi cục Thuế khu vực XI
1929,3200228617,Văn phòng Đăng ký đất đai tỉnh Quảng Trị,"Quốc lộ 1A, phường Đông Giang, TP Đông Hà, tỉnh Quảng Trị",Chi cục Thuế khu vực XI
1930,3200263442,Trung tâm Dich Vụ - Hội Nghị Tỉnh,"252 Hùng Vương, TP Đông Hà, tỉnh Quảng Trị",Chi cục Thuế khu vực XI
1931,3200269349,Trung tâm Công nghệ Thông tin và Truyền thông,"87D Nguyễn Huệ, phường 1, TP Đông Hà, tỉnh Quảng Trị",Chi cục Thuế khu vực XI
1932,3200409966,Trường Trung học phổ thông Lê Lợi,"87 Lê Lợi, TP Đông Hà, tỉnh Quảng Trị",Chi cục Thuế khu vực XI
1933,3200139131-006,Nhà Máy Gỗ Ván MDF Cosevco,"Khu CN nam Đông hà, Đông lương, TP Đông Hà, tỉnh Quảng Trị",Chi cục Thuế khu vực XI
1934,3200114828-001,CN Công ty TNHH Thanh Niên Tại Lao Bảo,"Khóm Xuân Phước - Thị trấn Lao Bảo, huyện Hướng Hoá, tỉnh Quảng Trị",Chi cục Thuế khu vực XI
1935,3200510010,Trung tâm Kỹ Thuật Tiêu Chuẩn Đo Lường Chất Lượng Quảng Trị,"Số nhà 43, đường Lê Lợi, TP Đông Hà, tỉnh Quảng Trị",Chi cục Thuế khu vực XI
1936,3200041908-005,Ban QLDA Đầu tư Phát triển Cấp nước Đông Hà và vùng phụ cận,"Số 02- Nguyễn Trãi, phường 1, TP Đông Hà, tỉnh Quảng Trị",Chi cục Thuế khu vực XI
1937,3200565059-001,Chi nhánh Số 1 Công ty TNHH MTV Phước Trường Quang Minh,"Đường Lê Duẩn, thị trấn Hồ Xá, huyện Vĩnh Linh, tỉnh Quảng Trị",Chi cục Thuế khu vực XI
1938,3200597639,Truyền Tải Điện Quảng Trị,"Đường Hùng Vương, phường Đông Lương, TP Đông Hà, tỉnh Quảng Trị",Chi cục Thuế khu vực XI
1939,3200599393,Trung tâm Nước Sạch và Vệ Sinh Môi Trường Nông Thôn,"06 Nguyễn Công Trứ, phường 5, TP Đông Hà, tỉnh Quảng Trị",Chi cục Thuế khu vực XI
1940,3200603106,Hội Kế Hoạch Hóa Gia Đình,"03 Đoàn Thị Điểm, phường Đông Lễ, TP Đông Hà, tỉnh Quảng Trị",Chi cục Thuế khu vực XI
1941,3200603113,Bệnh viện Chuyên Khoa Lao và Bệnh Phổi,"Km4 đường Điện Biên Phủ, phường Đông Lễ, TP Đông Hà, tỉnh Quảng Trị",Chi cục Thuế khu vực XI
1942,3200603868,Công ty Trách nhiệm hữu hạn Một thành viên Phú Vinh Thịnh,"Phòng 01 số 46 Lê Duẩn, phường 1, TP Đông Hà, tỉnh Quảng Trị",Chi cục Thuế khu vực XI
1943,3200625928,Công ty TNHH Golf Quảng Trị,"Khu phố 7, thị trấn Cửa Việt, huyện Gio Linh, tỉnh Quảng Trị",Chi cục Thuế khu vực XI
1944,3200666924,Công ty Trách nhiệm hữu hạn Một thành viên Đầu tư Quang Minh Vĩnh Linh,"Khu phố An Đức, thị trấn Cửa Tùng, huyện Vĩnh Linh, tỉnh Quảng Trị",Chi cục Thuế khu vực XI
1945,3200668907,Công ty TNHH Phúc Phước Quang,"Số 79 Hùng Vương, phường 5, TP Đông Hà, tỉnh Quảng Trị",Chi cục Thuế khu vực XI
1946,3200701294,Đồn Biên Phòng Ba Nang,"Sa Trầm, xã Ba Nang, huyện Đa Krông, tỉnh Quảng Trị",Chi cục Thuế khu vực XI
1947,3200701689,Đồn Biên Phòng Hải An,"Thôn Mỹ Thủy, xã Hải An, huyện Hải Lăng, tỉnh Quảng Trị",Chi cục Thuế khu vực XI
1948,0400101669-014,Địa điểm Kinh doanh Trực Thuộc Trung tâm Ô Tô Daesco Huế,"219 Lê Duẩn, TP Đông Hà, tỉnh Quảng Trị",Chi cục Thuế khu vực XI
1949,3200707218,Công ty TNHH Một thành viên Tuấn Phát QT,"Số 91 Đường Lê Lợi, phường Đông Lễ, TP Đông Hà, tỉnh Quảng Trị",Chi cục Thuế khu vực XI
1950,3200712987,Công ty Cổ phần giám Định Ngôi Sao,"38 Hàm Nghi, phường 1, TP Đông Hà, tỉnh Quảng Trị",Chi cục Thuế khu vực XI
1951,3200713010,Công ty Trách nhiệm hữu hạn Bất động sản Thái Bảo,"Số 02B Lê Thế Hiếu, phường 1, TP Đông Hà, tỉnh Quảng Trị",Chi cục Thuế khu vực XI
1952,3200713067,Công ty TNHH T&T Land Gio Hải,"Số nhà 291, Khu phố 7, phường 3, TP Đông Hà, tỉnh Quảng Trị",Chi cục Thuế khu vực XI
1953,3200713109,Công ty Cổ phần Đắc Lộc Quảng Trị,"81 Trần Hưng Đạo, phường 1, TP Đông Hà, tỉnh Quảng Trị",Chi cục Thuế khu vực XI
1954,3200713116,Công ty Trách nhiệm hữu hạn Một thành viên Song Bình Quảng Trị,"126B Lê Lợi, phường Đông Lễ, TP Đông Hà, tỉnh Quảng Trị",Chi cục Thuế khu vực XI
1955,3200713204,Công ty TNHH QT Lâm Minh,"Khu phố 3, phường 5, TP Đông Hà, tỉnh Quảng Trị",Chi cục Thuế khu vực XI
1956,3200713211,Công ty TNHH Đầu tư và Phát triển Nông nghiệp Lấy Thật Làm Vốn,"Thôn Tân Xuân, xã Gio Việt, huyện Gio Linh, tỉnh Quảng Trị",Chi cục Thuế khu vực XI
1957,3200144678,Công ty Trách nhiệm hữu hạn Thương mại Phương Quang,"Số 251 Quốc lộ 9B, phường 1, TP Đông Hà, tỉnh Quảng Trị",Chi cục Thuế khu vực XI
1958,3200234667,Công ty Trách nhiệm hữu hạn Một thành viên Xây dựng và Thương mại Hoàng Thắng,"Khu phố 10 phường 5, TP Đông Hà, tỉnh Quảng Trị",Chi cục Thuế khu vực XI
1959,3200041217,Nhà khách Tỉnh Uỷ,"Km 3 Quốc lộ 9, TP Đông Hà, tỉnh Quảng Trị",Chi cục Thuế khu vực XI
1960,3200326893,Công ty TNHH Một thành viên Mỹ Phượng,"Khu phố 1, Đông giang, TP Đông Hà, tỉnh Quảng Trị",Chi cục Thuế khu vực XI
1961,3200458794,Công ty Trách nhiệm hữu hạn Một thành viên Gia Hải,"Số 478A Lê Duẩn, phường Đông Lương, TP Đông Hà, tỉnh Quảng Trị",Chi cục Thuế khu vực XI
1962,3200458346,Công ty Trách nhiệm hữu hạn Cơ Nhiệt-Điện Lạnh Danh Việt,"Số 12 Lý Thường Kiệt, phường Đông Lương, TP Đông Hà, tỉnh Quảng Trị",Chi cục Thuế khu vực XI
1963,3200486752,Công ty Trách nhiệm hữu hạn Một thành viên Vi Đại Phương,"Số 03 Hàm Nghi, phường 5, TP Đông Hà, tỉnh Quảng Trị",Chi cục Thuế khu vực XI
1964,3200560967,Công ty Trách nhiệm hữu hạn Một thành viên Toàn Thịnh Quảng Trị,"Số 104 Ngô quyền, phường 5, TP Đông Hà, tỉnh Quảng Trị",Chi cục Thuế khu vực XI
1965,3200609644,Công ty Trách nhiệm hữu hạn Một thành viên Thuận Lợi Quảng Trị,"Số 169 Tôn Thất Thuyết, phường 5, TP Đông Hà, tỉnh Quảng Trị",Chi cục Thuế khu vực XI
1966,0101013887-004,Chi nhánh Quảng Trị - Công ty Cổ phần Tập đoàn Minh Tiến - MTG,"Thôn Cô Nhổi, xã Hướng Phùng, huyện Hướng Hoá, tỉnh Quảng Trị",Chi cục Thuế khu vực XI
1967,2901793277-008,Công ty TNHH Một thành viên Sơn Hà Nghệ An Chi nhánh Quảng Trị,"Số 267 Quốc Lộ 9, phường 3, TP Đông Hà, tỉnh Quảng Trị",Chi cục Thuế khu vực XI
1968,3200637472,Công ty Trách nhiệm hữu hạn MTV Cà Phê Diamond,"Số 170 Đường Nguyễn Trãi, phường 1, TP Đông Hà, tỉnh Quảng Trị",Chi cục Thuế khu vực XI
1969,3200640041,Công ty TNHH MTV Thương mại và Dịch vụ Tổng hợp Năm Sao,"17/34 Nguyễn Huệ, phường 1, TP Đông Hà, tỉnh Quảng Trị",Chi cục Thuế khu vực XI
1970,3200640235,Công ty Trách nhiệm hữu hạn Một thành viên Hoàng Đại Quảng Trị,"Khu phố 2, phường Đông Giang, TP Đông Hà, tỉnh Quảng Trị",Chi cục Thuế khu vực XI
1971,0308783628-001,Chi nhánh Công ty TNHH Ngôi Sao Kinh Tế Quảng Trị,"75A Nguyễn Huệ, phường 1, TP Đông Hà, tỉnh Quảng Trị",Chi cục Thuế khu vực XI
1972,0401794769-005,Chi nhánh 3 - Công ty TNHH Lottario,"160 Nguyễn Du, phường 5, TP Đông Hà, tỉnh Quảng Trị",Chi cục Thuế khu vực XI
1973,0311907295-044,Công ty Cổ phần Dịch vụ Giao Hàng Nhanh - Chi nhánh Quảng Trị,"Số 345 Lê Duẩn, phường Đông Lễ, TP Đông Hà, tỉnh Quảng Trị",Chi cục Thuế khu vực XI
1974,0101303402-002,Chi nhánh Công ty TNHH Thiết bị Công nghiệp Trường Sa,"336 Lê Duẩn, Khu phố 3, phường Đông Lễ, TP Đông Hà, tỉnh Quảng Trị",Chi cục Thuế khu vực XI
1975,0401617216-002,Chi nhánh Công ty TNHH Một thành viên Thương mại và Sản xuất Cao Ngựa Việt tại Quảng Trị,"Khu Phố Hòa Lý, thị trấn Cửa Tùng, huyện Vĩnh Linh, tỉnh Quảng Trị",Chi cục Thuế khu vực XI
1976,0300521758-117,Công ty Cổ phần vàng bạc đá quý Phú Nhuận - Chi nhánh PNJ Quảng Trị,"Số 86, Quốc lộ 9B, phường 1, TP Đông Hà, tỉnh Quảng Trị",Chi cục Thuế khu vực XI
1977,3200642419,Công ty Cổ phần Phát triển Miền Trung Xanh,"Số 101 Nguyễn Chí Thanh, phường 5, TP Đông Hà, tỉnh Quảng Trị",Chi cục Thuế khu vực XI
1978,0314248989-001,Chi nhánh Công ty TNHH The Retro Vietnam,"Số 49 Ngô Quyền, phường 5, TP Đông Hà, tỉnh Quảng Trị",Chi cục Thuế khu vực XI
1979,0301241545-068,Chi nhánh Công ty TNHH May Thêu Giày An Phước,"07 Hùng Vương, phường 1, TP Đông Hà, tỉnh Quảng Trị",Chi cục Thuế khu vực XI
1980,0101442798-006,Chi nhánh Công ty Cổ phần Kính Mắt Thành phố Hồ Chí Minh tại Quảng Trị,"266 Hùng Vương, phường Đông Lương, TP Đông Hà, tỉnh Quảng Trị",Chi cục Thuế khu vực XI
1981,0304132047-108,Chi nhánh Công ty Cổ phần Phát Hành Sách Thành phố Hồ Chí Minh - Fahasa - Nhà Sách Fahasa Quảng Trị,"Tầng 2, Co.op Quảng Trị, số 2, đường Trần Hưng Đạo, phường 1, TP Đông Hà, tỉnh Quảng Trị",Chi cục Thuế khu vực XI
1982,3502286534-001,Chi nhánh Công ty TNHH Dịch vụ Thuần Phong,"Số 10 đường Thành Cổ, Khu phố 1, phường 3, TP Đông Hà, tỉnh Quảng Trị",Chi cục Thuế khu vực XI
1983,0303883266-034,Chi nhánh Công ty TNHH Jollibee Việt Nam tại Quảng Trị,"Gian hàng GF-3 Tầng trệt, Siêu thị CoopMart Đông Hà, Số 2 Tr, phường 1, TP Đông Hà, tỉnh Quảng Trị",Chi cục Thuế khu vực XI
1984,0401825424-003,Chi nhánh Yody Quảng Trị - Công ty Cổ phần Thời trang Yody Miền Trung,"01 Hùng Vương, Khu phố 7, phường 1, TP Đông Hà, tỉnh Quảng Trị",Chi cục Thuế khu vực XI
1985,0400555045-008,Chi nhánh Công ty TNHH Quảng cáo - Tổ chức sự kiện liên Lục địa tại Quảng Trị,"08 Bùi Dục Tài, Khu phố 2, phường 1, TP Đông Hà, tỉnh Quảng Trị",Chi cục Thuế khu vực XI
1986,3200658553,Công ty TNHH Châu Hà Quảng Trị,"Số 98/2 Lê Duẩn, thị trấn Hồ Xá, huyện Vĩnh Linh, tỉnh Quảng Trị",Chi cục Thuế khu vực XI
1987,3200411281,Công ty Trách nhiệm hữu hạn Một thành viên Bảo Phát,"Khóm Tây Chín, thị trấn Lao Bảo, huyện Hướng Hoá, tỉnh Quảng Trị",Đội Thuế liên huyện Hướng Hóa - Đakrông
1988,0304246816-057,Chi nhánh Công ty TNHH Thời trang Nón Sơn tại Quảng Trị,"Số 3 Lê Văn Hưu, phường 1, TP Đông Hà, tỉnh Quảng Trị",Chi cục Thuế khu vực XI
1989,0310085571-006,Công ty TNHH Thương mại và Dịch vụ Bia Sài Gòn Bình Tây - Chi nhánh Bắc Trung Bộ,"Số 79A Đặng Dung, phường 2, TP Đông Hà, tỉnh Quảng Trị",Chi cục Thuế khu vực XI
1990,0313450007-037,Công ty Cổ phần Con Cưng - Chi nhánh Quảng Trị,"Số nhà 84 Quốc lộ 9, Khu phố 7, phường 1, TP Đông Hà, tỉnh Quảng Trị",Chi cục Thuế khu vực XI
1991,0301774984-017,Chi nhánh của Công ty TNHH Manulife (Việt Nam) tại Quảng Trị,"Tòa nhà Mường Thanh, 68 Lê Duẩn, Khu phố 9, phường 1, TP Đông Hà, tỉnh Quảng Trị",Chi cục Thuế khu vực XI
1992,3200616507,Công ty Cổ phần Phát triển Dịch vụ Tổng hợp Thành Thái Phát,"Đường 9D, Khu phố 1, phường Đông Lương, TP Đông Hà, tỉnh Quảng Trị",Chi cục Thuế khu vực XI
1993,1000934509-002,Chi nhánh Công ty TNHH Hợp tác Lao động và Thương mại Thái Bình tại Quảng Trị,"Thôn Trúc Lâm, xã Gio Quang, huyện Gio Linh, tỉnh Quảng Trị",Chi cục Thuế khu vực XI
1994,0106181807-157,Chi nhánh Công ty Cổ phần Giao hàng Tiết kiệm tại tỉnh Quảng Trị,"Số 333 Lê Duẩn, phường Đông Lễ, TP Đông Hà, tỉnh Quảng Trị",Chi cục Thuế khu vực XI
1995,0108393204-032,Chi nhánh tỉnh Quảng Trị - Công ty TNHH Thời trang Elise,"Số 20 đường Hùng Vương, phường 1, TP Đông Hà, tỉnh Quảng Trị",Chi cục Thuế khu vực XI
1996,4101472574-002,Chi nhánh Công ty Cổ phần Đầu tư Xuất nhập khẩu Nông Nghiệp và Tư vấn Tài chính Asean+,"Số 10 Nguyễn Huệ, thị trấn Lao Bảo, huyện Hướng Hoá, tỉnh Quảng Trị",Chi cục Thuế khu vực XI
1997,3200673953,Công ty TNHH Tổng hợp Lâm Sơn,"Khối 4, thị trấn Khe Sanh, huyện Hướng Hoá, tỉnh Quảng Trị",Chi cục Thuế khu vực XI
1998,3200695097,Công ty TNHH MTV Quang Minh Ánh,"Số 03 Trần Phú, thị trấn Lao Bảo, huyện Hướng Hoá, tỉnh Quảng Trị",Chi cục Thuế khu vực XI
1999,3200695315,Công ty Trách nhiệm hữu hạn Thương mại và Dịch vụ Minh Tuấn Dtt,"Khóm Tây Chín, thị trấn Lao Bảo, huyện Hướng Hoá, tỉnh Quảng Trị",Chi cục Thuế khu vực XI
2000,3200695925,Công ty Trách nhiệm hữu hạn Dreamline,"52B Lê Thế Hiếu, phường 1, TP Đông Hà, tỉnh Quảng Trị",Chi cục Thuế khu vực XI
2001,3200698161,Công ty TNHH Đầu tư và Thương mại Toyota PGS Quảng Trị,"Quốc lộ 1A, Thôn Phú Mỹ Kiên, xã Triệu Giang, huyện Triệu Phong, tỉnh Quảng Trị",Chi cục Thuế khu vực XI
2002,3200698147,Công ty TNHH Thương mại Dịch vụ và Xuất nhập khẩu GT,"Khu phố Tân Vĩnh, phường Đông Lương, TP Đông Hà, tỉnh Quảng Trị",Chi cục Thuế khu vực XI
2003,3200282036-007,Chi nhánh Công ty Cổ phần Tư vấn Miền Trung Viện Đào tạo và Bồi Dưỡng Cán Bộ Miền Trung,"Tầng 2 tòa nhà Miền Trung, đường Điện Biên Phủ, phường Đông Lương, TP Đông Hà, tỉnh Quảng Trị",Chi cục Thuế khu vực XI
2004,3200624441-001,Văn phòng đại diện Phúc Khang - Công ty TNHH MTV Tư vấn Quản Lý Tài Nguyên và Môi Trường Quảng Trị,"277 Hùng Vương, phường Đông Lương, TP Đông Hà, tỉnh Quảng Trị",Chi cục Thuế khu vực XI
2005,3200042651,Công ty Cổ phần Tư vấn Công nghiệp - Điện Quảng Trị,"45 Trần Hưng Đạo, TP Đông Hà, tỉnh Quảng Trị",Đội Thuế liên huyện Đông Hà - Cam Lộ
2006,3200042154,Công ty Cổ phần Tư vấn Giao thông Quảng Trị,"41 Lý Thường Kiệt, phường Đông Lương, TP Đông Hà, tỉnh Quảng Trị",Đội Thuế liên huyện Đông Hà - Cam Lộ
2007,3200042041,Công ty Cổ phần Tư vấn Xây dựng Quảng Trị,"47 Trần Hưng Đạo, phường 1, TP Đông Hà, tỉnh Quảng Trị",Chi cục Thuế khu vực XI
2008,3200042429,Công ty Cổ phần Tư vấn Đầu tư và Xây dựng Quảng Trị,"53 Trần Hưng Đạo, phường 1, TP Đông Hà, tỉnh Quảng Trị",Chi cục Thuế khu vực XI
2009,3200282036,Công ty Cổ phần Tư vấn Miền Trung,"Đường Điện Biên Phủ, phường Đông Lương, TP Đông Hà, tỉnh Quảng Trị",Chi cục Thuế khu vực XI
2010,3200434391,Công ty Cổ phần Tư vấn và Tài Nguyên Môi Trường Đông Hà,"Km3+670 (bên trái Chi cục Thú y), đường Điện Biên Phủ (9D), phường Đông Lương, TP Đông Hà, tỉnh Quảng Trị",Chi cục Thuế khu vực XI
2011,3200469965,Công ty Cổ phần Tư vấn và Xây dựng Văn Hùng,"Kiệt 70 Tôn Thất Thuyết, phường 5, TP Đông Hà, tỉnh Quảng Trị",Chi cục Thuế khu vực XI
2012,3200473714,Công ty Cổ phần Tư vấn Inco,"Tầng 2, nhà số 7/34 Nguyễn Huệ, phường 1, TP Đông Hà, tỉnh Quảng Trị",Chi cục Thuế khu vực XI
2013,3200564256,Công ty Cổ phần Tư vấn Đầu tư Xây dựng tại Quảng Trị,"Số 63 Hùng Vương, phường 1, TP Đông Hà, tỉnh Quảng Trị",Chi cục Thuế khu vực XI
2014,3200567673,Công ty Cổ phần Tư vấn Xây dựng HBT,"36B Đặng Dung, phường 2, TP Đông Hà, tỉnh Quảng Trị",Chi cục Thuế khu vực XI
2015,3200567680,Công ty Cổ phần Phát triển Trường Lộc,"Số 445 Lê Duẩn, phường Đông Lương, TP Đông Hà, tỉnh Quảng Trị",Chi cục Thuế khu vực XI
2016,3200569455,Công ty Cổ phần Tư vấn Đầu tư và Xây dựng Levico,"Kiệt 104 Tôn Thất Thuyết, Khu phố 2, phường 5, TP Đông Hà, tỉnh Quảng Trị",Chi cục Thuế khu vực XI
2017,3200572056,Công ty Trách nhiệm hữu hạn Sky VN,"Số 56 Hùng Vương, Khu phố 8, phường 1, TP Đông Hà, tỉnh Quảng Trị",Chi cục Thuế khu vực XI
2018,3200615158,Công ty Cổ phần Đầu tư và Xây dựng DKD Quảng Trị,"169/5 Tôn Thất Thuyết, Khu phố 3, phường 5, TP Đông Hà, tỉnh Quảng Trị",Chi cục Thuế khu vực XI
2019,3200624441,Công ty TNHH MTV Tư vấn Quản lý tài nguyên và môi trường Quảng Trị,"Km 63+350 Quốc lộ 9, xã Tân Hợp, huyện Hướng Hoá, tỉnh Quảng Trị",Chi cục Thuế khu vực XI
2020,3200282036-004,Chi nhánh Công ty Cổ phần Tư vấn Miền Trung Trường Mầm Non Tuổi Hồng,"Tầng 3 Tòa nhà Miền Trung đường Điện Biên Phủ, phường Đông Lương, TP Đông Hà, tỉnh Quảng Trị",Chi cục Thuế khu vực XI
2021,3200640394,Công ty TNHH Tư vấn Năng lượng Tuệ Minh,"Khu phố 7, phường 3, TP Đông Hà, tỉnh Quảng Trị",Chi cục Thuế khu vực XI
2022,3200282036-006,Chi nhánh Công ty Cổ phần Tư vấn Miền Trung Sàn Giao Dịch Bất động sản Miền Trung,"Tầng 1 Tòa nhà Miền Trung, đường Điện Biên Phủ, phường Đông Lương, TP Đông Hà, tỉnh Quảng Trị",Chi cục Thuế khu vực XI
2023,3200658200,Công ty TNHH Tư vấn và Đầu tư Xây dựng Đại Phú Thành,"Thôn Thượng xá, xã Hải Thượng, huyện Hải Lăng, tỉnh Quảng Trị",Chi cục Thuế khu vực XI
2024,3200692963,Công ty TNHH Tư vấn Xây dựng và Đầu tư Nguyễn Hoàng,"Số 8 đường Thạch Hãn, phường 2, thị xã Quảng Trị, tỉnh Quảng Trị",Chi cục Thuế khu vực XI
2025,3200707553,Công ty Cổ phần Đầu tư Gmig Quảng Trị,"08 Trần Quang Khải, phường 5, TP Đông Hà, tỉnh Quảng Trị",Chi cục Thuế khu vực XI
2026,3200707641,Công ty Cổ phần Tiến Trung Quảng Trị,"Khu Công nghiệp Quán Ngang, xã Gio Quang, huyện Gio Linh, tỉnh Quảng Trị",Chi cục Thuế khu vực XI
2027,0100108688-045,Trạm Xăng Dầu Số 741 - Công ty Xăng dầu Quân Đội Khu vực 2,"Km 8B, đường Điện Biên Phủ, xã Cam Hiếu, huyện Cam Lộ, tỉnh Quảng Trị",Chi cục Thuế khu vực XI
2028,0100108688-046,Trạm Xăng Dầu Số 683 - Công ty Xăng Dầu Quân Đội Khu vực 2,"Km 8, Quốc lộ 9, xã Cam Hiếu, huyện Cam Lộ, tỉnh Quảng Trị",Chi cục Thuế khu vực XI
2029,0100108688-047,Trạm Xăng Dầu Số 21 - Công ty Xăng Dầu Quân Đội Khu vực 2,"Tân Vĩnh, xã Hướng Tân, huyện Hướng Hoá, tỉnh Quảng Trị",Chi cục Thuế khu vực XI
2030,0100108688-048,Trạm Xăng Dầu Số 27 - Công ty Xăng Dầu Quân Đội Khu vực 2,"Thôn Hòa Bình, xã Vĩnh Long, huyện Vĩnh Linh, tỉnh Quảng Trị",Chi cục Thuế khu vực XI
2031,3200219549,Công ty Trách nhiệm hữu hạn Đóng tàu Cửa Việt,"Khu phố 3 - Thị trấn Cửa Việt, huyện Gio Linh, tỉnh Quảng Trị",Đội Thuế liên huyện Vĩnh Linh - Gio Linh
2032,3200284957,Công ty Cổ phần Khoáng sản Hiếu Giang,"Cụm công nghiệp Diên Sanh, thị trấn Diên Sanh, huyện Hải Lăng, tỉnh Quảng Trị",Đội Thuế liên huyện Triệu Hải
2033,3200276145,Công ty TNHH Một thành viên Xây dựng Đất Việt,"Khu phố 8, phường 5, TP Đông Hà, tỉnh Quảng Trị",Đội Thuế liên huyện Đông Hà - Cam Lộ
2034,3200448203,Công ty Cổ phần Khoáng sản Thanh Tâm,"Số 110 Hùng Vương, Khu phố 4, phường 5, TP Đông Hà, tỉnh Quảng Trị",Đội Thuế liên huyện Đông Hà - Cam Lộ
2035,3200453771,Công ty Trách nhiệm hữu hạn Một thành viên Nguyên Hà,"Thôn Thượng Phước, xã Triệu Thượng, huyện Triệu Phong, tỉnh Quảng Trị",Đội Thuế liên huyện Triệu Hải
2036,3200562273,HTX Sản xuất Vật Liệu Xây dựng và Khai Thác Cát Sạn Như Lệ,"Thôn Như Lệ, xã Hải Lệ, thị xã Quảng Trị, tỉnh Quảng Trị",Đội Thuế liên huyện Triệu Hải
2037,3200139212,Công ty Trách nhiệm hữu hạn Song Lam,"47B Lê Thế Hiếu, Phường 1, TP Đông Hà, tỉnh Quảng Trị",Chi cục Thuế khu vực XI
2038,3200171456,Công ty Trách nhiệm hữu hạn Xây dựng Thương mại và Kinh doanh Tổng hợp Phi Long,"Số 21 đường Lê Duẩn, phường 2, thị xã Quảng Trị, tỉnh Quảng Trị",Chi cục Thuế khu vực XI
2039,3200193273,Công ty Trách nhiệm hữu hạn Thương mại Dịch vụ Lê Dũng,"Số 29 đường Trần Hưng Đạo, phường 1, TP Đông Hà, tỉnh Quảng Trị",Chi cục Thuế khu vực XI
2040,3200287404,Công ty Trách nhiệm hữu hạn Một thành viên Hiệp Phát,"Số 318 Quốc lộ 9, phường 3, TP Đông Hà, tỉnh Quảng Trị",Chi cục Thuế khu vực XI
2041,3200472340,Công ty Trách nhiệm hữu hạn Một thành viên Phước Thọ,"Số 29B Nguyễn Chí Thanh, phường 5, TP Đông Hà, tỉnh Quảng Trị",Chi cục Thuế khu vực XI
2042,3200484145,Công ty Trách nhiệm hữu hạn Một thành viên Bảo Anh Quảng Trị,"02 Cao Thắng - Đông Chín, thị trấn Lao Bảo, huyện Hướng Hoá, tỉnh Quảng Trị",Chi cục Thuế khu vực XI
2043,3200560702,Công ty Trách nhiệm hữu hạn Một thành viên Lâm Sản Khánh Hà,"Đường Đoàn Khuê, khu phố 2, phường 5, TP Đông Hà, tỉnh Quảng Trị",Chi cục Thuế khu vực XI
2044,3200578629,Công ty Trách nhiệm hữu hạn Một thành viên Dương Hưng Phát,"9/12 Lương Ngọc Quyến, phường 3, TP Đông Hà, tỉnh Quảng Trị",Chi cục Thuế khu vực XI
2045,3200578636,Công ty Trách nhiệm hữu hạn Một thành viên Phùng Hưng Thịnh,"Khóm Tây Chín, thị trấn Lao Bảo, huyện Hướng Hoá, tỉnh Quảng Trị",Chi cục Thuế khu vực XI
2046,3200596603,Công ty Cổ phần Hào Hưng Quảng Trị,"Thôn Tân Phước, xã Hải Lâm, huyện Hải Lăng, tỉnh Quảng Trị",Chi cục Thuế khu vực XI
2047,3200600659,Công ty Cổ phần Chế Biến Lâm sản Đồng Tâm Quảng Trị,"Thôn Ái Tử, xã Triệu ái, huyện Triệu Phong, tỉnh Quảng Trị",Chi cục Thuế khu vực XI
2048,3200601349,Công ty Trách nhiệm hữu hạn Một thành viên Lâm sản Khánh Hân,"Khu phố 9, phường Đông Lễ, TP Đông Hà, tỉnh Quảng Trị",Chi cục Thuế khu vực XI
2049,3200613457,Công ty Cổ phần Thái Bình Xanh,"Khu Công nghiệp Quán Ngang, xã Gio Quang, huyện Gio Linh, tỉnh Quảng Trị",Chi cục Thuế khu vực XI
2050,3200629785,Công ty Trách nhiệm hữu hạn Xuất nhập khẩu Khánh Quỳnh,"38 Hoàng Diệu, phường Đông Giang, TP Đông Hà, tỉnh Quảng Trị",Chi cục Thuế khu vực XI
2051,3200638684,Công ty Trách nhiệm hữu hạn Một thành viên Đức Long Tiến,"Số 127 Quốc Lộ 9, Khóm Trung Chín, thị trấn Lao Bảo, huyện Hướng Hoá, tỉnh Quảng Trị",Chi cục Thuế khu vực XI
2052,3200638941,Công ty Trách nhiệm hữu hạn Một thành viên Quang Minh Thịnh Phát,"Khóm Tây Chín, thị trấn Lao Bảo, huyện Hướng Hoá, tỉnh Quảng Trị",Chi cục Thuế khu vực XI
2053,3200639790,Công ty TNHH Một thành viên Dũng Phát Huy,"Khóm Tây Chín, thị trấn Lao Bảo, huyện Hướng Hoá, tỉnh Quảng Trị",Chi cục Thuế khu vực XI
2054,3200639857,Công ty TNHH Một thành viên Vương Tân Phát,"Thôn Cù Tai 2, xã A Bung, huyện Đa Krông, tỉnh Quảng Trị",Chi cục Thuế khu vực XI
2055,3200641373,Công ty Trách nhiệm hữu hạn Một thành viên Minh Nhật Trường,"Tầng 2 số 169 Tôn Thất Thuyết, phường 5, TP Đông Hà, tỉnh Quảng Trị",Chi cục Thuế khu vực XI
2056,3100413567-001,Chi nhánh Công ty TNHH Cát Phú Quảng Bình - Quảng Trị,"Số 114 đường Trần Phú, Khu phố 1, phường 5, TP Đông Hà, tỉnh Quảng Trị",Chi cục Thuế khu vực XI
2057,3200645804,Công ty TNHH Một thành viên Thương mại Thanh Ninh,"Số 668 Quốc lộ 9, phường 4, TP Đông Hà, tỉnh Quảng Trị",Chi cục Thuế khu vực XI
2058,3200659638,Công ty Trách nhiệm hữu hạn Một thành viên Bảo Châu Phát,"Khóm Tây Chín, thị trấn Lao Bảo, huyện Hướng Hoá, tỉnh Quảng Trị",Chi cục Thuế khu vực XI
2059,3200659885,Công ty TNHH Thương mại Dịch vụ Xuất nhập khẩu Vila Sanmyshi,"Số 13B Ông Ích Khiêm, thị trấn Lao Bảo, huyện Hướng Hoá, tỉnh Quảng Trị",Chi cục Thuế khu vực XI
2060,3200171456-002,Chi nhánh Công ty TNHH Tổng hợp Phi Long,"Số 21A Lê Duẩn, phường 2, thị xã Quảng Trị, tỉnh Quảng Trị",Chi cục Thuế khu vực XI
2061,3200667420,Công ty Trách nhiệm hữu hạn QT Phát Đạt,"Số 22 đường Lê Thế Tiết, thị trấn Lao Bảo, huyện Hướng Hoá, tỉnh Quảng Trị",Chi cục Thuế khu vực XI
2062,3200673199,Công ty TNHH MTV Nhất Phát Tài,"Số 67 Phan Đình Phùng, thị trấn Khe Sanh, huyện Hướng Hoá, tỉnh Quảng Trị",Chi cục Thuế khu vực XI
2063,3200674481,Công ty TNHH Một thành viên PB Nhã Khanh,"Đường Nguyễn Du nối dài, Khu phố 8, phường 5, TP Đông Hà, tỉnh Quảng Trị",Chi cục Thuế khu vực XI
2064,3200675887,Công ty TNHH MTV LB Nhật Minh,"Số 154 Lê Thế Tiết, thị trấn Lao Bảo, huyện Hướng Hoá, tỉnh Quảng Trị",Chi cục Thuế khu vực XI
2065,3200676249,Công ty TNHH MTV Từ Vũ,"Tầng 2 số nhà 50/1 Trương Định, phường 1, TP Đông Hà, tỉnh Quảng Trị",Chi cục Thuế khu vực XI
2066,3200680823,Công ty Trách nhiệm hữu hạn Một thành viên Bình Minh Quảng Trị,"Số nhà 128 Trần Hưng Đạo, Khu phố 3, phường 3, thị xã Quảng Trị, tỉnh Quảng Trị",Chi cục Thuế khu vực XI
2067,3200684088,Công ty Trách nhiệm hữu hạn Một thành viên 131 Lao Bảo,"Thôn Ba Lòng, xã Ba Tầng, huyện Hướng Hoá, tỉnh Quảng Trị",Chi cục Thuế khu vực XI
2068,3200684095,Công ty Trách nhiệm hữu hạn Một thành viên Sỏi Ngọc,"Khóm Tân Kim, thị trấn Lao Bảo, huyện Hướng Hoá, tỉnh Quảng Trị",Chi cục Thuế khu vực XI
2069,3200684715,Công ty Trách nhiệm hữu hạn Một thành viên Ngọc Hưởng,"Khóm Tây Chín, thị trấn Lao Bảo, huyện Hướng Hoá, tỉnh Quảng Trị",Chi cục Thuế khu vực XI
2070,3200685839,Công ty TNHH QT Hưng Tiến,"Số 107 Đinh Tiên Hoàng, phường 1, TP Đông Hà, tỉnh Quảng Trị",Chi cục Thuế khu vực XI
2071,3200686303,Công ty TNHH Quốc Đạt Quảng Trị,"Thôn Thanh Liêm, xã Triệu Độ, huyện Triệu Phong, tỉnh Quảng Trị",Chi cục Thuế khu vực XI
2072,3200686624,Công ty TNHH MTV Đức Bảo Hoài An,"Khóm Xuân Phước, thị trấn Lao Bảo, huyện Hướng Hoá, tỉnh Quảng Trị",Chi cục Thuế khu vực XI
2073,3200686737,Công ty TNHH Phú Đức Hòa,"Đường Trường Chinh, Khu phố 10, phường 5, TP Đông Hà, tỉnh Quảng Trị",Chi cục Thuế khu vực XI
2074,3200693205,Công ty TNHH MTV Trần Ngọc Bảo Trâm,"Khóm Tây Chín, thị trấn Lao Bảo, huyện Hướng Hoá, tỉnh Quảng Trị",Chi cục Thuế khu vực XI
2075,3200694720,Công ty Trách nhiệm hữu hạn My Sang,"Số 09 Trần Phú, thị trấn Lao Bảo, huyện Hướng Hoá, tỉnh Quảng Trị",Chi cục Thuế khu vực XI
2076,3200702097,Công ty Cổ phần Thái Bình Xanh,"Khu Công nghiệp Quán Ngang, xã Gio Quang, huyện Gio Linh, tỉnh Quảng Trị",Chi cục Thuế khu vực XI
2077,3200233751-002,Chi nhánh Công ty Cổ phần Phát triển Viễn thông Bắc Miền Trung - Xí nghiệp Tư vấn - Xây dựng - Dịch,"Tầng 1 số 267 Quốc lộ 9, phường 3, TP Đông Hà, tỉnh Quảng Trị",Chi cục Thuế khu vực XI
2078,3200042147,Công ty Cổ phần Xây dựng Giao thông Quảng Trị,"Số 235 Hàm Nghi, Khu phố 10, phường 5, TP Đông Hà, tỉnh Quảng Trị",Chi cục Thuế khu vực XI
2079,3200115109,Công ty Cổ phần Việt Ren,"Số 242 Quốc lộ 9, phường 1, TP Đông Hà, tỉnh Quảng Trị",Chi cục Thuế khu vực XI
2080,3200131358,Công ty Trách nhiệm hữu hạn Huy Hoàng,"Đường Nguyễn Thị Lý, phường 2, thị xã Quảng Trị, tỉnh Quảng Trị",Chi cục Thuế khu vực XI
2081,3200149267,Công ty Cổ phần Đầu tư và Xây dựng Trường Thịnh,"134 Đường Lê Lợi, phường Đông Lễ, TP Đông Hà, tỉnh Quảng Trị",Chi cục Thuế khu vực XI
2082,3200148626,Công ty Trách nhiệm hữu hạn Hiệp Lực,"Khu phố 5, phường 1, TP Đông Hà, tỉnh Quảng Trị",Đội Thuế liên huyện Đông Hà - Cam Lộ
2083,3200698193,Công ty TNHH Nhật Bảo Phát,"Khóm Trung Chín, thị trấn Lao Bảo, huyện Hướng Hoá, tỉnh Quảng Trị",Chi cục Thuế khu vực XI
2084,3200698316,Công ty TNHH Hạnh Phúc Thịnh,"Khóm Tây Chín, thị trấn Lao Bảo, huyện Hướng Hoá, tỉnh Quảng Trị",Chi cục Thuế khu vực XI
2085,3200686617,Công ty TNHH Một thành viên Thọ Toàn Phát,"644 Quốc lộ 9, Khu phố 4, phường 4, TP Đông Hà, tỉnh Quảng Trị",Chi cục Thuế khu vực XI
2086,3200139036,Công ty Trách nhiệm hữu hạn Một thành viên Phong Phú,"Số 111 Lê Duẩn, phường 2, TP Đông Hà, tỉnh Quảng Trị",Chi cục Thuế khu vực XI
2087,3200126608,Công ty Trách nhiệm hữu hạn Xây dựng Thái Sơn,"Số 96 đường Thành Cổ, phường 3, TP Đông Hà, tỉnh Quảng Trị",Chi cục Thuế khu vực XI
2088,3200011205,Công ty Cổ phần Đầu tư và Xây dựng Hùng Cường,"Số 36 đường Ngô Quyền, phường 5, TP Đông Hà, tỉnh Quảng Trị",Chi cục Thuế khu vực XI
2089,3200136684,Công ty Trách nhiệm hữu hạn Tiến Hưng,"Số 49/9 Lê Quý Đôn, phường 1, TP Đông Hà, tỉnh Quảng Trị",Chi cục Thuế khu vực XI
2090,3200194090,Công ty Cổ phần Triệu Duy,"Số 36/3 đường Ông Ích Khiêm, phường 1, TP Đông Hà, tỉnh Quảng Trị",Chi cục Thuế khu vực XI
2091,3200198514,Công ty Trách nhiệm hữu hạn Một thành viên Quản lý khai thác công trình thủy lợi Quảng Trị,"Khu phố 1, phường Đông Lễ, TP Đông Hà, tỉnh Quảng Trị",Chi cục Thuế khu vực XI
2092,4200595778,Công ty Cổ phần Sông Cầu,"Thôn Lương Lễ, km 58+59, Quốc lộ 9, xã Tân Hợp, huyện Hướng Hoá, tỉnh Quảng Trị",Chi cục Thuế khu vực XI
2093,3200276064,Công ty Trách nhiệm hữu hạn Một thành viên Hợp Quốc,"Số 171 Hàm Nghi, phường 5, TP Đông Hà, tỉnh Quảng Trị",Chi cục Thuế khu vực XI
2094,3200284844,Công ty Trách nhiệm hữu hạn Một thành viên Minh Thành,"Số 25 Đại Cồ Việt, phường Đông Lương, TP Đông Hà, tỉnh Quảng Trị",Chi cục Thuế khu vực XI
2095,3200283576,Công ty Cổ phần Việt Trung,"Thôn Phổ Lại, xã Cam An (hết hiệu lực), huyện Cam Lộ, tỉnh Quảng Trị",Chi cục Thuế khu vực XI
2096,3200414490,Công ty Trách nhiệm hữu hạn Một thành viên Đại Phát Eqp,"Số 349 Lê Duẫn, phường Đông Lễ, TP Đông Hà, tỉnh Quảng Trị",Đội Thuế liên huyện Đông Hà - Cam Lộ
2097,3100550309,Công ty TNHH Phúc Thịnh,"Số 36 Tôn Thất Thuyết, phường 5, TP Đông Hà, tỉnh Quảng Trị",Chi cục Thuế khu vực XI
2098,3200198514-002,Chi nhánh Công ty TNHH Một thành viên Quản lý khai thác công trình thủy lợi Quảng Trị - Xí nghiệp TH,"198 Hai Bà Trưng, phường 2, thị xã Quảng Trị, tỉnh Quảng Trị",Chi cục Thuế khu vực XI
2099,3200198514-004,Chi nhánh Công ty TNHH Một thành viên Quản lý khai thác công trình thủy lợi Quảng Trị - Xí nghiệp TH,"khóm chợ huyện, thị trấn Hồ Xá, huyện Vĩnh Linh, tỉnh Quảng Trị",Chi cục Thuế khu vực XI
2100,3200198514-001,Chi nhánh Công ty TNHH Một thành viên Quản lý khai thác công trình thủy lợi Quảng Trị - Xí nghiệp TH,"Khu phố 5, phường 3, TP Đông Hà, tỉnh Quảng Trị",Chi cục Thuế khu vực XI
2101,3200198514-003,Chi nhánh Công ty TNHH MTV QLKTCTTL Quảng Trị - Xí nghiệp Tư vấn Đầu tư và Xây dựng,"Khu phố 1, phường Đông Lễ, TP Đông Hà, tỉnh Quảng Trị",Chi cục Thuế khu vực XI
2102,3200178437-001,CN Công ty Cổ phần Xây dựng Tổng hợp Quảng Trị,"Khóm 3A, thị trấn khe sanh, huyện Hướng Hoá, tỉnh Quảng Trị",Chi cục Thuế khu vực XI
2103,3200487202,Công ty Trách nhiệm hữu hạn Lê Thanh DKT,"Số 232, Quốc lộ 9, phường 1, TP Đông Hà, tỉnh Quảng Trị",Chi cục Thuế khu vực XI
2104,3200493710,Công ty Trách nhiệm hữu hạn Một thành viên Lộc Loan,"Kiệt 112 Tôn Thất Thuyết, phường 5, TP Đông Hà, tỉnh Quảng Trị",Chi cục Thuế khu vực XI
2105,3200492925,Công ty Trách nhiệm hữu hạn Một thành viên Ngọc Việt Châu,"Số 188A đường Hàm Nghi, phường 5, TP Đông Hà, tỉnh Quảng Trị",Chi cục Thuế khu vực XI
2106,3200512579,Công ty Cổ phần Gud Thống Nhất Quảng Trị,"Đường 9D, phường Đông Lương, TP Đông Hà, tỉnh Quảng Trị",Chi cục Thuế khu vực XI
2107,3200517577,Công ty Cổ phần Xây dựng Tư vấn Viễn Thông,"Số 05 đường Hai Bà Trưng, phường 1, TP Đông Hà, tỉnh Quảng Trị",Chi cục Thuế khu vực XI
2108,3200545415,Công ty Cổ phần Công trình 793,"Số 292 Lê Duẩn, Khu phố 3, phường Đông Lễ, TP Đông Hà, tỉnh Quảng Trị",Chi cục Thuế khu vực XI
2109,3200569293,Công ty Trách nhiệm hữu hạn Một thành viên Xây dựng Nam Long Hưng,"Số 16 Kiệt 15 đường Lê Thế Tiết, phường 2, TP Đông Hà, tỉnh Quảng Trị",Chi cục Thuế khu vực XI
2110,3200574286,Công ty Trách nhiệm hữu hạn Một thành viên Tổng hợp Hưng Đạt Phát,"Số 02 Kiệt 74 Nguyễn Thái Học, phường 1, TP Đông Hà, tỉnh Quảng Trị",Chi cục Thuế khu vực XI
2111,3200574825,Công ty Trách nhiệm hữu hạn Một thành viên Tân Triều T& P,"Thôn Nam Xuân Đức, xã Tân Thành, huyện Hướng Hoá, tỉnh Quảng Trị",Chi cục Thuế khu vực XI
2112,3200599851,Công ty Trách nhiệm hữu hạn Xây dựng và Thương mại Văn Minh M.A.C,"Tầng 2, số 86 Hùng Vương, phường 5, TP Đông Hà, tỉnh Quảng Trị",Chi cục Thuế khu vực XI
2113,3200608457,Công ty Cổ phần Liên Doanh Cảng Quốc Tế Mỹ Thủy,"Số 63, Đường Trần Hưng Đạo, phường 1, TP Đông Hà, tỉnh Quảng Trị",Chi cục Thuế khu vực XI
2114,3200615687,Công ty Cổ phần Đầu tư và Xây dựng Hải Đăng,"Số 20 Phù Đổng Thiên Vương, Khu phố 4, phường 3, TP Đông Hà, tỉnh Quảng Trị",Chi cục Thuế khu vực XI
2115,3200619089,Công ty Cổ phần Đầu tư và Xây dựng Lao Bảo,"Khóm Xuân Phước, thị trấn Lao Bảo, huyện Hướng Hoá, tỉnh Quảng Trị",Chi cục Thuế khu vực XI
2116,3200178437,Công ty Cổ phần Xây dựng Tổng hợp Quảng Trị,"Số 48 đường Ngô Quyền, phường 5, TP Đông Hà, tỉnh Quảng Trị",Chi cục Thuế khu vực XI
2117,3200197101,Công ty Cổ phần Xây dựng Số 6,"Quốc lộ 1A, thị trấn ái Tử, huyện Triệu Phong, tỉnh Quảng Trị",Chi cục Thuế khu vực XI
2118,3200133764,Công ty Trách nhiệm hữu hạn Tiến Lợi,"Đường Hoàng Thị Ái, Khu phố 8, phường 5, TP Đông Hà, tỉnh Quảng Trị",Chi cục Thuế khu vực XI
2119,3200453549,Công ty Cổ phần Xây dựng Nguyên Khang,"28 Lê Phụng Hiểu, phường 5, TP Đông Hà, tỉnh Quảng Trị",Chi cục Thuế khu vực XI
2120,3200233751,Công ty Cổ phần Phát triển Viễn thông Bắc Miền Trung,"Số 267 Quốc Lộ 9, phường 3, TP Đông Hà, tỉnh Quảng Trị",Chi cục Thuế khu vực XI
2121,3200621352,Công ty Trách nhiệm hữu hạn Một thành viên Thương mại và Xây dựng Nam Phong Anh,"Khu phố 7, phường 5, TP Đông Hà, tỉnh Quảng Trị",Chi cục Thuế khu vực XI
2122,3200625565,Công ty TNHH Một thành viên Minh Phát Quảng Trị,"Số 46 Trần Hưng Đạo, phường 1, TP Đông Hà, tỉnh Quảng Trị",Chi cục Thuế khu vực XI
2123,3200625702,Công ty Trách nhiệm hữu hạn Một thành viên Vĩnh Đường,"Số nhà 300/20, Đường Lê Duẩn, Khu phố 3, phường Đông Lễ, TP Đông Hà, tỉnh Quảng Trị",Chi cục Thuế khu vực XI
2124,3200626470,Công ty Trách nhiệm hữu hạn Cát Thuận Phong,"20/4 Trương Hoàn, phường Đông Lương, TP Đông Hà, tỉnh Quảng Trị",Chi cục Thuế khu vực XI
2125,3200630004,Công ty Trách nhiệm hữu hạn Một thành viên Tư vấn và Xây dựng Song Khang,"Kiệt 507 Lê Duẩn, phường Đông Lương, TP Đông Hà, tỉnh Quảng Trị",Chi cục Thuế khu vực XI
2126,3200198514-005,Chi nhánh Công ty Trách nhiệm hữu hạn Một thành viên Quản lý khai thác công trình thủy lợi Quảng Trị,"Khu phố 1, phường Đông Lễ, TP Đông Hà, tỉnh Quảng Trị",Chi cục Thuế khu vực XI
2127,3200638839,Công ty TNHH Một thành viên Hoàn Cầu Quảng Trị,"Số 128 Lê Lợi, Khu phố 4, phường Đông Lễ, TP Đông Hà, tỉnh Quảng Trị",Chi cục Thuế khu vực XI
2128,3200639046,Công ty Cổ phần Đức Gia Thịnh,"Số 53 Đường Chu Mạnh Trinh, phường 5, TP Đông Hà, tỉnh Quảng Trị",Chi cục Thuế khu vực XI
2129,3200641366,Công ty Trách nhiệm hữu hạn Một thành viên GP Vinh Quang,"Số 60 Lê Duẩn, phường 1, TP Đông Hà, tỉnh Quảng Trị",Chi cục Thuế khu vực XI
2130,3200666843,Công ty Trách nhiệm hữu hạn Thương mại Dịch vụ và Sản xuất Việt Á,"Số nhà 92 Lê Duẩn, phường 1, TP Đông Hà, tỉnh Quảng Trị",Chi cục Thuế khu vực XI
2131,3200667646,Công ty TNHH CFG Quảng Trị,"Thôn Phú Hội, xã Triệu An, huyện Triệu Phong, tỉnh Quảng Trị",Chi cục Thuế khu vực XI
2132,3200697288,Công ty Cổ phần Thương mại và Đầu tư Nhân Hòa Phát,"Số 209 Lê Duẩn, phường 2, TP Đông Hà, tỉnh Quảng Trị",Chi cục Thuế khu vực XI
2133,3200706704,Công ty Cổ phần Trung Khởi,"Khu Công nghiệp Quán Ngang, xã Gio Quang, huyện Gio Linh, tỉnh Quảng Trị",Chi cục Thuế khu vực XI
2134,3200681545,Công ty Cổ phần Thành An,"Thôn Hà Thanh, xã Gio Châu, huyện Gio Linh, tỉnh Quảng Trị",Chi cục Thuế khu vực XI
2135,3200681104,Công ty Trách nhiệm hữu hạn Một thành viên QT Sushi,"Thôn Đông Dương, xã Hải Dương, huyện Hải Lăng, tỉnh Quảng Trị",Chi cục Thuế khu vực XI
2136,3200682186,Công ty Trách nhiệm hữu hạn Một thành viên PT Susu,"Thôn Tân Pun, xã Hướng Phùng, huyện Hướng Hoá, tỉnh Quảng Trị",Chi cục Thuế khu vực XI
2137,3200682549,Công ty TNHH MTV Lê Nhật Phát,"Thôn Trung Thuận 1, xã Thuận, huyện Hướng Hoá, tỉnh Quảng Trị",Chi cục Thuế khu vực XI
2138,3603519908-001,Công ty Trách nhiệm hữu hạn Môi Trường Nam Vương Phát - Chi nhánh Quảng Trị,"Khu phố Lai Phước, phường Đông Lương, TP Đông Hà, tỉnh Quảng Trị",Chi cục Thuế khu vực XI
2139,3200685596,Công ty TNHH Một thành viên QT Bảo Châu Minh,"Khóm Đông Chín, thị trấn Lao Bảo, huyện Hướng Hoá, tỉnh Quảng Trị",Chi cục Thuế khu vực XI
2140,3200700300,Công ty TNHH MTV QT Hà Lê,"Thôn Xa Ry, xã Hướng Phùng, huyện Hướng Hoá, tỉnh Quảng Trị",Chi cục Thuế khu vực XI
2141,3200708282,Công ty TNHH MTV Phát triển Bền Vững Thiên Kim Ngân,"Khóm 1, thị trấn Krông Klang, huyện Đa Krông, tỉnh Quảng Trị",Đội Thuế liên huyện Hướng Hóa - Đakrông
2142,3200708490,Công ty TNHH MTV GTHB Hoàng Phong,"Khóm 1, thị trấn Krông Klang, huyện Đa Krông, tỉnh Quảng Trị",Đội Thuế liên huyện Hướng Hóa - Đakrông
2143,3200713966,Công ty Trách nhiệm hữu hạn Một thành viên QT Tịnh Nguyễn,"Thôn Phương Hải, xã Hải Ba, huyện Hải Lăng, tỉnh Quảng Trị",Chi cục Thuế khu vực XI
2144,0105690657-015,Chi nhánh Công ty TNHH Thương mại VHC Quảng Trị,"Số 1 Phan Bội Châu, phường 1, TP Đông Hà, tỉnh Quảng Trị",Chi cục Thuế khu vực XI
2145,3200714504,Công ty Cổ phần Gốm cao cấp Hạ Long,"Tầng 4, Tòa nhà Newkeys, 270 quốc lộ 9, Khu phố 4, phường 1, TP Đông Hà, tỉnh Quảng Trị",Chi cục Thuế khu vực XI
2146,3200714582,Công ty TNHH MTV XNK Hiệp Đông 86,"Khóm Tây Chín, thị trấn Lao Bảo, huyện Hướng Hoá, tỉnh Quảng Trị",Chi cục Thuế khu vực XI
2147,3200714575,Công ty Cổ phần Đầu tư Địa ốc Quảng Trị,"484 Lê Duẫn, Khu phố Đại Áng, phường Đông Lương, TP Đông Hà, tỉnh Quảng Trị",Chi cục Thuế khu vực XI
2148,3200197253,Công ty Trách nhiệm hữu hạn Minh Tuấn,"Cụm công nghiệp Đông Lễ, phường Đông Lễ, TP Đông Hà, tỉnh Quảng Trị",Đội Thuế liên huyện Đông Hà - Cam Lộ
2149,3200294306,Công ty Cổ phần Phân Vi Sinh Quảng Trị,"Khu Công nghiệp Quán Ngang, xã Gio Quang, huyện Gio Linh, tỉnh Quảng Trị",Chi cục Thuế khu vực XI
2150,3200381982,Công ty Trách nhiệm hữu hạn Một thành viên Triệu Phú Đạt,"Tổ 4 Khu phố 1, Phường Đông Lương, TP Đông Hà, tỉnh Quảng Trị",Chi cục Thuế khu vực XI
2151,3200623335,Công ty Cổ phần Bình Hà Quảng Trị,"03 Lý Thường Kiệt - Khóm Tây Chính, thị trấn Lao Bảo, huyện Hướng Hoá, tỉnh Quảng Trị",Chi cục Thuế khu vực XI
2152,3200630413,Công ty Cổ phần Đầu tư Du lịch Miền Trung,"Số 81 Lê Lợi, phường 5, TP Đông Hà, tỉnh Quảng Trị",Chi cục Thuế khu vực XI
2153,3200630967,Công ty Cổ phần Phát triển Quan hệ Việt Nhật,"Số 20 Trương Hán Siêu, phường 1, TP Đông Hà, tỉnh Quảng Trị",Chi cục Thuế khu vực XI
2154,3200631181,Công ty Cổ phần Đức Tiến Quảng Trị,"Số 240 đường Lý Thường Kiệt, phường 5, TP Đông Hà, tỉnh Quảng Trị",Chi cục Thuế khu vực XI
2155,3200638878,Công ty Cổ phần Đầu tư và Phát triển Quang Minh Quảng Trị,"Khu dân cư khóm Vĩnh Bắc, thị trấn Hồ Xá, huyện Vĩnh Linh, tỉnh Quảng Trị",Chi cục Thuế khu vực XI
2156,3200639208,Công ty TNHH MTV Đầu tư Delta Plus,"Đường Nguyễn Cơ Thạch, phường Đông Lương, TP Đông Hà, tỉnh Quảng Trị",Chi cục Thuế khu vực XI
2157,3200729652,Công ty TNHH MTV Đức Minh Khang,"290 Quốc lộ  9, phường 3, TP Đông Hà, tỉnh Quảng Trị",Chi cục Thuế khu vực XI
2158,3200639409,Công ty Cổ phần Bao Bì Công Nghiệp QT,"Số 28 Lê Thánh Tông, Khu phố 1, phường 5, TP Đông Hà, tỉnh Quảng Trị",Chi cục Thuế khu vực XI
2159,3200639825,Công ty Cổ phần Nông Sản Hữu Cơ Quảng Trị,"Số 22 Nguyễn Trãi, phường 1, TP Đông Hà, tỉnh Quảng Trị",Chi cục Thuế khu vực XI
2160,3002073947,Công ty TNHH Dịch vụ và Thương mại Tổng hợp Tân Ký,"Khu Công nghiệp Quán ngang, xã Gio Quang, huyện Gio Linh, tỉnh Quảng Trị",Chi cục Thuế khu vực XI
2161,3200641091,Công ty Cổ phần Năng lượng Sạch Việt Ren,"Tầng 3 tòa nhà 242 Quốc lộ 9, phường 1, TP Đông Hà, tỉnh Quảng Trị",Chi cục Thuế khu vực XI
2162,3200642962,Công ty Cổ phần Europa,"Số 245 Đường Lê Duẩn, Khu phố 1A, phường Đông Lễ, TP Đông Hà, tỉnh Quảng Trị",Chi cục Thuế khu vực XI
2163,3200642955,Công ty Cổ phần Kính Mặt Trời Phc,"Số 51 Lý Thường Kiệt, phường Đông Lương, TP Đông Hà, tỉnh Quảng Trị",Chi cục Thuế khu vực XI
2164,3200661002,Công ty Cổ phần Thương mại và Dịch vụ Tiếp Vận Kata,"Km 84 Quốc lộ 9, Cửa khẩu Lao Bảo, thị trấn Lao Bảo, huyện Hướng Hoá, tỉnh Quảng Trị",Chi cục Thuế khu vực XI
2165,3200674548,Công ty Cổ phần Bia Quốc Tế TTC,"Cụm Công nghiệp Cam Tuyền, xã Cam Tuyền, huyện Cam Lộ, tỉnh Quảng Trị",Chi cục Thuế khu vực XI
2166,3200676104,Công ty Cổ phần Thép Hợp Kim Asia,"Khu kinh tế Đông Nam Quảng Trị, xã Hải Quế, huyện Hải Lăng, tỉnh Quảng Trị",Chi cục Thuế khu vực XI
2167,3200683447,Công ty Cổ phần Sản xuất Thương mại và Dịch vụ Dương Seven,"Đội 4, Thôn Đức Xá, xã Vĩnh Thủy, huyện Vĩnh Linh, tỉnh Quảng Trị",Chi cục Thuế khu vực XI
2168,3200685589,Công ty Cổ phần An Đạt Tiến,"Khu phố 5, phường Đông Lễ, TP Đông Hà, tỉnh Quảng Trị",Chi cục Thuế khu vực XI
2169,3200685571,Công ty Cổ phần Kiến Trúc Adamax,"Kiệt 50 Nguyễn Du, Khu phố 8, phường 5, TP Đông Hà, tỉnh Quảng Trị",Chi cục Thuế khu vực XI
2170,3200686399,Công ty Cổ phần Tập đoàn Sơn Việt Nhật,"81 Trần Hưng Đạo, phường 1, TP Đông Hà, tỉnh Quảng Trị",Chi cục Thuế khu vực XI
2171,3200686649,Công ty Cổ phần Pacific Quảng Trị,"Số 44 Lê Duẩn, thị trấn Hồ Xá, huyện Vĩnh Linh, tỉnh Quảng Trị",Chi cục Thuế khu vực XI
2172,3200687392,Công ty Cổ phần Quang Anh Quảng Trị,"Số nhà 54/4 Bà Huyện Thanh Quan, khu phố Phương Gia, phường Đông Lễ, TP Đông Hà, tỉnh Quảng Trị",Chi cục Thuế khu vực XI
2173,3200688212,Công ty Cổ phần Dương Gia Quảng Trị,"Số 48/5 Phan Chu Trinh, phường 1, TP Đông Hà, tỉnh Quảng Trị",Chi cục Thuế khu vực XI
2174,3200688484,Công ty Cổ phần Đồng Hành Goldman,"Khóm 2, thị trấn Krông Klang, huyện Đa Krông, tỉnh Quảng Trị",Chi cục Thuế khu vực XI
2175,3200688678,Công ty Cổ phần Vina Full,"Số 40/2 Quốc lộ 9, Khu phố 8, phường 1, TP Đông Hà, tỉnh Quảng Trị",Chi cục Thuế khu vực XI
2176,3200688484-001,Chi nhánh Đông Hà - Công ty Cổ phần Đồng Hành Goldman,"Khu phố 10, phường 5, TP Đông Hà, tỉnh Quảng Trị",Chi cục Thuế khu vực XI
2177,3200691938,Công ty Cổ phần Trường Minh Quảng Trị,"Số 74 Huỳnh Thúc Kháng, phường Đông Lễ, TP Đông Hà, tỉnh Quảng Trị",Chi cục Thuế khu vực XI
2178,3200696245,Công ty Cổ phần Seatown,"Số 63 đường Trần Hưng Đạo, phường 1, TP Đông Hà, tỉnh Quảng Trị",Chi cục Thuế khu vực XI
2179,3200699260,Công ty Cổ phần Đầu tư Phát triển Địa ốc Văn Gia 86,"136 Quốc Lộ 9, Khu phố 5, phường 1, TP Đông Hà, tỉnh Quảng Trị",Chi cục Thuế khu vực XI
2180,3200699327,Công ty Cổ phần Nông nghiệp Quảng Trị,"50 Lê Duẩn, thị trấn ái Tử, huyện Triệu Phong, tỉnh Quảng Trị",Chi cục Thuế khu vực XI
2181,3200699366,Công ty Cổ phần Đầu tư và Phát triển Quảng Trị,"Khu phố 10, phường 5, TP Đông Hà, tỉnh Quảng Trị",Chi cục Thuế khu vực XI
2182,3200707602,Công ty TNHH MTV Xnk Tổng hợp Axiao,"09 Chu Văn An, Khu phố 1, phường Đông Lương, TP Đông Hà, tỉnh Quảng Trị",Chi cục Thuế khu vực XI
2183,3200707634,Công ty Cổ phần Đầu tư và Xây dựng Sunrise,"Khu phố 9, phường 5, TP Đông Hà, tỉnh Quảng Trị",Chi cục Thuế khu vực XI
2184,3200707722,Công ty TNHH MTV Sinh Mạnh An,"Kiệt 210 Đường Hàm Nghi, Khu phố 10, phường 5, TP Đông Hà, tỉnh Quảng Trị",Chi cục Thuế khu vực XI
2185,3200700124,Công ty Trách nhiệm hữu hạn Một thành viên Thành Phát Quảng Trị,"85 Nguyễn Huệ, phường 1, TP Đông Hà, tỉnh Quảng Trị",Chi cục Thuế khu vực XI
2186,3200707747,Công ty Cổ phần Bất động sản Phúc Điền Quảng Trị,"Số 63 đường Hàm Nghi, phường 1, TP Đông Hà, tỉnh Quảng Trị",Chi cục Thuế khu vực XI
2187,3200713275,Công ty TNHH Thương mại và Dịch vụ Tổng hợp Ngọc Anh Lalay,"Thôn La Lay, xã A Ngo, huyện Đa Krông, tỉnh Quảng Trị",Chi cục Thuế khu vực XI
2188,3200713331,Công ty Cổ phần Đầu tư Hạ Tầng Trường Giang Quảng Trị,"Số 81A Trần Hưng Đạo - Khu phố 1, phường 1, TP Đông Hà, tỉnh Quảng Trị",Chi cục Thuế khu vực XI
2189,3200713243,Công ty TNHH Nông trại Trung Sơn,"Thôn Võ Xá, xã Trung Sơn, huyện Gio Linh, tỉnh Quảng Trị",Chi cục Thuế khu vực XI
2190,3200713490,Công ty Cổ phần Thương mại Dịch vụ Xuất nhập khẩu Bảo Khang Quảng Trị,"53 Hai Bà Trưng, Khu phố 7, phường 1, thị xã Quảng Trị, tỉnh Quảng Trị",Chi cục Thuế khu vực XI
2191,3200713500,Công ty Trách nhiệm hữu hạn Một thành viên Xây dựng An Hoàng Phát,"Phan Đình Giót, phường Đông Lương, TP Đông Hà, tỉnh Quảng Trị",Chi cục Thuế khu vực XI
2192,3200713719,Công ty Cổ phần Long Lân Quy Phụng,"Số nhà 28/3 Nguyễn Lương Bằng, Khu phố 8, thị trấn Hồ Xá, huyện Vĩnh Linh, tỉnh Quảng Trị",Chi cục Thuế khu vực XI
2193,3200713701,Công ty Cổ phần Đầu tư Phát triển Hợp Thành Phát,"Thôn ÁI Tử, xã Triệu ái, huyện Triệu Phong, tỉnh Quảng Trị",Chi cục Thuế khu vực XI
2194,3200713356,Công ty TNHH Kiến Long Á,"Thôn Long Hưng, xã Hải Phú, huyện Hải Lăng, tỉnh Quảng Trị",Chi cục Thuế khu vực XI
2195,3200713934,Công ty TNHH Thương mại và Dịch vụ Tư vấn Xây dựng Hoàng Long,"Số 34 đường Trương Văn Hoàn, thị trấn ái Tử, huyện Triệu Phong, tỉnh Quảng Trị",Chi cục Thuế khu vực XI
2196,3200042556,Công ty Cổ phần Tổng Công ty Thương mại Quảng Trị,"01 Phan Bội Châu, phường 1, TP Đông Hà, tỉnh Quảng Trị",Đội Thuế liên huyện Đông Hà - Cam Lộ
2197,3200040936,Công ty Trách nhiệm hữu hạn Một thành viên Xổ Số Kiến Thiết Quảng Trị,"Số 02 đường Huyền Trân Công Chúa, phường 1, TP Đông Hà, tỉnh Quảng Trị",Chi cục Thuế khu vực XI
2198,3200228141,Công ty Cổ phần Gỗ MDF VRG - Quảng Trị,"Khu công nghiệp Quán Ngang, xã Gio Quang, huyện Gio Linh, tỉnh Quảng Trị",Chi cục Thuế khu vực XI
2199,3200042556-019,Chi nhánh Công ty Cổ phần Tổng Công ty Thương mại Quảng Trị - Nhà máy tinh bột sắn Hướng Hóa,"Km 3, xã Thuận, huyện Hướng Hoá, tỉnh Quảng Trị",Đội Thuế liên huyện Đông Hà - Cam Lộ
2200,3200042556-022,Chi nhánh Công ty Cổ phần Tổng Công ty Thương mại Quảng Trị - Khách sạn Sepon,"Khóm Tây Chín, thị trấn Lao Bảo, huyện Hướng Hoá, tỉnh Quảng Trị",Đội Thuế liên huyện Đông Hà - Cam Lộ
2201,3200042556-012,Chi nhánh Công ty Cổ phần Tổng Công ty Thương mại Quảng Trị tại khu kinh tế Thương mại đặc biệt Lao,"Khu kinh tế Thương mại đặc biệt Lao Bảo, thị trấn Lao Bảo, huyện Hướng Hoá, tỉnh Quảng Trị",Đội Thuế liên huyện Đông Hà - Cam Lộ
2202,0400101394-002,Công ty Điện Lực Quảng Trị,"Số 126 Trần Hưng Đạo, phường 1, TP Đông Hà, tỉnh Quảng Trị",Chi cục Thuế khu vực XI
2203,3200042556-018,Chi nhánh Công ty Cổ phần Tổng Công ty Thương mại Quảng Trị - Xuất nhập khẩu Sepon,"Số 187 Lê Duẩn, phường 2, TP Đông Hà, tỉnh Quảng Trị",Đội Thuế liên huyện Đông Hà - Cam Lộ
2204,3200042556-027,Chi nhánh Công ty Cổ phần Tổng Công ty Thương mại Quảng Trị - Nhà máy chế biến nông sản Đông Hà,"Khu Công nghiệp Nam Đông Hà, phường Đông Lương, TP Đông Hà, tỉnh Quảng Trị",Đội Thuế liên huyện Đông Hà - Cam Lộ
2205,3200042556-028,Chi nhánh Xuất nhập khẩu Toàn Cầu thuộc Công ty Cổ phần Tổng Công ty Thương mại Quảng Trị,"Tầng 3 số nhà 01 Phan Bội Châu, phường 1, TP Đông Hà, tỉnh Quảng Trị",Đội Thuế liên huyện Đông Hà - Cam Lộ
2206,3200042556-029,Chi nhánh Công ty Cổ phần Tổng Công ty Thương mại Quảng Trị - Nhà máy chế biến mủ cao su Cam Lộ,"Thôn Minh Chính, xã Cam Chính, huyện Cam Lộ, tỉnh Quảng Trị",Đội Thuế liên huyện Đông Hà - Cam Lộ
2207,3200042556-030,Chi nhánh Công ty Cổ phần Tổng Công ty Thương mại Quảng Trị - Nhà máy viên Năng lượng Cam Lộ,"Cụm Công nghiệp Cam Hiếu, xã Cam Hiếu, huyện Cam Lộ, tỉnh Quảng Trị",Đội Thuế liên huyện Đông Hà - Cam Lộ
2208,3200042556-031,Chi nhánh Công ty Cổ phần Tổng Công ty Thương mại Quảng Trị - Trung tâm Dịch vụ Du lịch Cửa Việt,"Khu phố 7, thị trấn Cửa Việt, huyện Gio Linh, tỉnh Quảng Trị",Đội Thuế liên huyện Đông Hà - Cam Lộ
2209,3200599675,Công ty Cổ phần Gỗ Mdf Vrg Quảng Trị,"Khu công nghiệp Quán Ngang, xã Gio Quang, huyện Gio Linh, tỉnh Quảng Trị",Chi cục Thuế khu vực XI
2210,3200042531,Công ty Cổ phần Thương mại Thạch Hãn,"25 Nguyễn Du, phường 5, TP Đông Hà, tỉnh Quảng Trị",Chi cục Thuế khu vực XI
2211,3200042355,Công ty Trách nhiệm hữu hạn Một thành viên Lâm nghiệp Triệu Hải,"Khu phố 2A, phường 1, thị xã Quảng Trị, tỉnh Quảng Trị",Chi cục Thuế khu vực XI
2212,3200042330,Công ty Trách nhiệm hữu hạn Một thành viên Lâm nghiệp Bến Hải - Quảng Trị,"Số 11 Đường Nguyễn Du, thị trấn Hồ Xá, huyện Vĩnh Linh, tỉnh Quảng Trị",Chi cục Thuế khu vực XI
2213,3200094610,Công ty Trách nhiệm hữu hạn Một thành viên Cao Su Quảng Trị,"264 Đường Hùng Vương, phường Đông Lương, TP Đông Hà, tỉnh Quảng Trị",Chi cục Thuế khu vực XI
2214,3200042348,Công ty Trách nhiệm hữu hạn Một thành viên Lâm nghiệp Đường 9,"Số 44 Mai Hắc Đế, Khu phố 11, phường 5, TP Đông Hà, tỉnh Quảng Trị",Chi cục Thuế khu vực XI
2215,3200176581,Công ty TNHH Cao Su Camel Việt Nam,"Số 02 Lý Thường Kiệt, thị trấn Lao Bảo, huyện Hướng Hoá, tỉnh Quảng Trị",Chi cục Thuế khu vực XI
2216,3200092589,Viễn Thông Quảng Trị - Tập đoàn Bưu Chính Viễn Thông Việt Nam,"Số 20 Trần Hưng Đạo, phường 1, TP Đông Hà, tỉnh Quảng Trị",Chi cục Thuế khu vực XI
2217,3200243534,Công ty Cổ phần Quasa - Geruco,"Khách sạn Sepon, số 09 Trần Hưng Đạo, thị trấn Lao Bảo, huyện Hướng Hoá, tỉnh Quảng Trị",Chi cục Thuế khu vực XI
2218,3200263192,Công ty Cổ phần Du lịch Sài Gòn-Đông Hà,"Số 1 Bùi Thị Xuân, phường 2, TP Đông Hà, tỉnh Quảng Trị",Chi cục Thuế khu vực XI
2219,3200276057,Bưu điện tỉnh Quảng Trị,"Số 291 Lê duẩn, TP Đông Hà, tỉnh Quảng Trị",Chi cục Thuế khu vực XI
2220,3200042330-002,CN Công ty TNHH Một thành viên Lâm nghiệp Bến Hải- XN Chế Biến Kinh doanh Lâm Sản,"Dốc 6o Thị trấn hồ xá, huyện Vĩnh Linh, tỉnh Quảng Trị",Chi cục Thuế khu vực XI
2221,0101527385-046,Công ty Bảo Việt Quảng Trị,"Số 61 Hùng Vương- Phường 1, TP Đông Hà, tỉnh Quảng Trị",Chi cục Thuế khu vực XI
2222,0102641429-047,Công ty Bảo Việt Nhân Thọ Quảng Trị,"Số 127 Hùng vương nối dài, TP Đông Hà, tỉnh Quảng Trị",Chi cục Thuế khu vực XI
2223,3200713927,Công ty Cổ phần Đầu tư Vật Liệu Xây dựng Linh Trần,"Số 184 Quốc lộ 9, phường 1, TP Đông Hà, tỉnh Quảng Trị",Chi cục Thuế khu vực XI
2224,3200040911,Công ty Cổ phần Vinafor Quảng Trị,"Km 3, Đường 9, phường 3, TP Đông Hà, tỉnh Quảng Trị",Chi cục Thuế khu vực XI
2225,0300446973-040,Công ty Bảo Minh Quảng Trị,"158 Nguyễn Trãi, phường 1, TP Đông Hà, tỉnh Quảng Trị",Chi cục Thuế khu vực XI
2226,3200042549-003,Cửa Hàng Vật Tư,"Chợ chiều thị Trấn Hồ Xá, huyện Vĩnh Linh, tỉnh Quảng Trị",Chi cục Thuế khu vực XI
2227,3200042330-005,CN Công ty TNHH Một thành viên Lâm nghiệp Bến Hải - XNSX Lâm nghiệp Số 3,"xã Vĩnh Hà, huyện Vĩnh Linh, tỉnh Quảng Trị",Chi cục Thuế khu vực XI
2228,3200042330-004,CN Công ty TNHH Một thành viên Lâm nghiệp Bến Hải - XNSX Lâm nghiệp Số 2,"xã Vĩnh Sơn, huyện Vĩnh Linh, tỉnh Quảng Trị",Chi cục Thuế khu vực XI
2229,3200042330-003,CN Cty TNHH Một thành viên Lâm nghiệp Bến Hải - XNSX Lâm nghiệp Số 1,"xã Vĩnh Chấp, huyện Vĩnh Linh, tỉnh Quảng Trị",Chi cục Thuế khu vực XI
2230,3200509618,Công ty Trách nhiệm hữu hạn Một thành viên Lương Thực Quảng Trị,"Số 24 Trần Hưng Đạo, phường 1, TP Đông Hà, tỉnh Quảng Trị",Chi cục Thuế khu vực XI
2231,3200567539,Công ty Trách nhiệm hữu hạn Một thành viên Hồng Đức Vượng,"Khu Công nghiệp Quán ngang, huyện Gio Linh, tỉnh Quảng Trị",Chi cục Thuế khu vực XI
2232,3200572289,Công ty TNHH Chế Biến Lâm Sản Shaiyo AA Quảng Trị,"Cụm Công nghiệp Hải Thượng, xã Hải Thượng, huyện Hải Lăng, tỉnh Quảng Trị",Chi cục Thuế khu vực XI
2233,0100110768-040,Công ty Bảo hiểm Pjico Quảng Trị,"Số 150 Lê Lợi, Khu Phố 4, phường Đông Lễ, TP Đông Hà, tỉnh Quảng Trị",Chi cục Thuế khu vực XI
2234,3200092589-014,Trung tâm Viễn Thông Thành phố Đông Hà,"20 Trần Hưng Đạo, phường 1, TP Đông Hà, tỉnh Quảng Trị",Chi cục Thuế khu vực XI
2235,3200092589-015,Trung tâm Viễn Thông Thị Xã Quảng Trị,"21A Quang Trung, phường 2, thị xã Quảng Trị, tỉnh Quảng Trị",Chi cục Thuế khu vực XI
2236,3200092589-016,Trung tâm Phát triển Công nghệ Thông Tin,"20 Trần Hưng Đạo, phường 1, TP Đông Hà, tỉnh Quảng Trị",Chi cục Thuế khu vực XI
2237,3200092589-017,Trung tâm Điều Hành Thông Tin,"Khu phố 11, phường 5, TP Đông Hà, tỉnh Quảng Trị",Chi cục Thuế khu vực XI
2238,3200092589-018,Trung tâm Viễn Thông Cam Lộ,"Khu phố 2, thị trấn Cam Lộ, huyện Cam Lộ, tỉnh Quảng Trị",Chi cục Thuế khu vực XI
2239,3200092589-019,Trung tâm Viễn Thông Gio Linh,"Khu phố 8, thị trấn Gio Linh, huyện Gio Linh, tỉnh Quảng Trị",Chi cục Thuế khu vực XI
2240,3200092589-020,Trung tâm Viễn Thông Triệu Phong,"02 Nguyễn Huệ, thị trấn ái Tử, huyện Triệu Phong, tỉnh Quảng Trị",Chi cục Thuế khu vực XI
2241,3200092589-021,Trung tâm Viễn Thông Đakrông,"Khóm 1, thị trấn Krông Klang, huyện Đa Krông, tỉnh Quảng Trị",Chi cục Thuế khu vực XI
2242,3200092589-022,Trung tâm Viễn Thông Vĩnh Linh,"Đường Hùng Vương, huyện Vĩnh Linh, tỉnh Quảng Trị",Chi cục Thuế khu vực XI
2243,3200092589-023,Trung tâm Viễn Thông Hướng Hóa,"Khóm 3A, thị trấn Khe Sanh, huyện Hướng Hoá, tỉnh Quảng Trị",Chi cục Thuế khu vực XI
2244,3200092589-024,Trung tâm Viễn Thông Hải Lăng,"Khóm 5, thị trấn Hải Lăng (hết hiệu lực), huyện Hải Lăng, tỉnh Quảng Trị",Chi cục Thuế khu vực XI
2245,3200596191,Công ty Trách nhiệm hữu hạn My Anh - Khe Sanh,"Khu Công nghiệp Tân Thành, xã Tân Thành, huyện Hướng Hoá, tỉnh Quảng Trị",Chi cục Thuế khu vực XI
2246,0102385623-034,Tổng Công ty Cổ phần Bảo hiểm Quân Đội - Công ty Bảo hiểm MIC Quảng Trị,"Số 07 đường Ngô Quyền, phường 5, TP Đông Hà, tỉnh Quảng Trị",Chi cục Thuế khu vực XI
2247,3200622934,Công ty TNHH Ngọc Tuấn Surimi,"Khu phố An Hòa 1, thị trấn Cửa Tùng, huyện Vĩnh Linh, tỉnh Quảng Trị",Chi cục Thuế khu vực XI
2248,3200688734,Công ty TNHH MTV Bão Thanh Việt Nam,"Khu phố 1, phường Đông Thanh, TP Đông Hà, tỉnh Quảng Trị",Chi cục Thuế khu vực XI
2249,3200689992,Công ty TNHH MTV Đầu tư xây lắp Thạch Hãn,"17 Trần Hưng Đạo, phường 3, thị xã Quảng Trị, tỉnh Quảng Trị",Chi cục Thuế khu vực XI
2250,3200697739,Công ty Cổ phần Đầu tư bất động sản Huỳnh Hưng Phát,"Khu phố Thạch Nam, thị trấn Cửa Tùng, huyện Vĩnh Linh, tỉnh Quảng Trị",Chi cục Thuế khu vực XI
2251,3200700011,Công ty Cổ phần Total Power,"168 Trần Bình Trọng, phường 3, TP Đông Hà, tỉnh Quảng Trị",Chi cục Thuế khu vực XI
2252,3200700237,Công ty CP Tập đoàn Đầu tư và Thương mại Phạm Gia,"Đường K2, Khu Công nghiệp Nam Đông Hà, phường Đông Lương, TP Đông Hà, tỉnh Quảng Trị",Chi cục Thuế khu vực XI
2253,3200700290,Công ty TNHH Xây dựng Thương mại The Sun,"Khu phố Tân Vĩnh, phường Đông Lương, TP Đông Hà, tỉnh Quảng Trị",Chi cục Thuế khu vực XI
2254,3200700332,Công ty TNHH Một thành viên Đầu tư Địa Ốc Hana Quảng Trị,"Khu phố 5, phường An Đôn, thị xã Quảng Trị, tỉnh Quảng Trị",Chi cục Thuế khu vực XI
2255,3200700501,Công ty Cổ phần Quảng Minh An,"Số 28 Đường Hải Thượng Lãn Ông - Khu phố 3, phường 5, TP Đông Hà, tỉnh Quảng Trị",Chi cục Thuế khu vực XI
2256,3200701054,Công ty TNHH PI Vina Quảng Trị,"Lô đất ký hiệu CN2 và CN4, Cụm Công nghiệp Đông Ái Tử, thị trấn ái Tử, huyện Triệu Phong, tỉnh Quảng Trị",Chi cục Thuế khu vực XI
2257,3200625452,Công ty TNHH MTV Lâm nghiệp Đường 9,"Số 44 Mai Hắc Đế, Khu phố 11, phường 5, TP Đông Hà, tỉnh Quảng Trị",Chi cục Thuế khu vực XI
2258,3200639871,Công ty TNHH Ngọc Tuấn Surimi,"Khu phố An Hòa 1, thị trấn Cửa Tùng, huyện Vĩnh Linh, tỉnh Quảng Trị",Chi cục Thuế khu vực XI
2259,3200697626,Công ty TNHH MTV Lâm nghiệp Bến Hải,"Số 11 Đường Nguyễn Du, thị trấn Hồ Xá, huyện Vĩnh Linh, tỉnh Quảng Trị",Chi cục Thuế khu vực XI
2260,3200705771,Công ty TNHH Chế Biến Lâm Sản Shaiyo Aa Quảng Trị,"Cụm Công nghiệp Hải Thượng, xã Hải Thượng, huyện Hải Lăng, tỉnh Quảng Trị",Chi cục Thuế khu vực XI
2261,3200706944,Công ty TNHH Dệt May VTJ Toms,"Cụm Công nghiệp Diên Sanh, thị trấn Diên Sanh, huyện Hải Lăng, tỉnh Quảng Trị",Chi cục Thuế khu vực XI
2262,3200594099,Peacetrees Vietnam Quảng Trị,"Khu phố 1, phường Đông Lễ, TP Đông Hà, tỉnh Quảng Trị",Chi cục Thuế khu vực XI
2263,3200599467,Công ty Trách nhiệm hữu hạn Gỗ Quảng Trị,"Cụm Công nghiệp Cầu Lòn, khu phố 3, phường 1, thị xã Quảng Trị, tỉnh Quảng Trị",Đội Thuế liên huyện Triệu Hải
2264,3200658715,Công ty Cổ phần chế biến gỗ Hải Lăng,"Cụm công nghiệp Hải Chánh, xã Hải Chánh, huyện Hải Lăng, tỉnh Quảng Trị",Đội Thuế liên huyện Triệu Hải
2265,3200496006,Công ty TNHH Sản xuất Thương mại và Xuất nhập khẩu Thép Nguyệt Hường,"Số 365 Quốc lộ 9, phường 3, TP Đông Hà, tỉnh Quảng Trị",Đội Thuế liên huyện Đông Hà - Cam Lộ
2266,3200289112,Công ty Trách nhiệm hữu hạn Một thành viên An Phú Minh,"Cụm Công nghiệp Diên Sanh, thị trấn Diên Sanh, huyện Hải Lăng, tỉnh Quảng Trị",Đội Thuế liên huyện Triệu Hải
2267,3300344991-003,Chi nhánh Công ty Trách nhiệm hữu hạn Phước Lộc,"Thôn Phú Mỹ Kiên, xã Triệu Giang, huyện Triệu Phong, tỉnh Quảng Trị",Đội Thuế liên huyện Triệu Hải
2268,3200268874,Công ty Trách nhiệm hữu hạn Một thành viên Tường Vinh,"Km 1 Đường Hồ Chí Minh, khóm 1, thị trấn Khe Sanh, huyện Hướng Hoá, tỉnh Quảng Trị",Đội Thuế liên huyện Hướng Hóa - Đakrông
2269,3200037884,Công ty Trách nhiệm hữu hạn Yên Loan,"Số 95 Quốc lộ 9, phường 5, TP Đông Hà, tỉnh Quảng Trị",Chi cục Thuế khu vực XI
2270,3200608873,Công ty Trách nhiệm hữu hạn An Bảo Duyên,"520 Quốc Lộ 9, phường 3, TP Đông Hà, tỉnh Quảng Trị",Đội Thuế liên huyện Đông Hà - Cam Lộ
2271,3200597597,Công ty TNHH Thương mại Dịch vụ Turbo,"Khu phố 3, thị trấn Gio Linh, huyện Gio Linh, tỉnh Quảng Trị",Đội Thuế liên huyện Vĩnh Linh - Gio Linh
2272,3200414451,Công ty TNHH Mai Lĩnh,"Số 58 Lương Ngọc Quyến, TP Đông Hà, tỉnh Quảng Trị",Chi cục Thuế khu vực XI
2273,3200609524,Công ty Trách nhiệm hữu hạn Tiến Phong Cam Lộ,"Lô 23 Cụm Công nghiệp Tân Định, xã Cam Thành, huyện Cam Lộ, tỉnh Quảng Trị",Đội Thuế liên huyện Đông Hà - Cam Lộ
2274,3200492770,Công ty TNHH MTV Lâm Sản Hải Lăng,"Thôn Tân Phước, xã Hải Lâm, huyện Hải Lăng, tỉnh Quảng Trị",Đội Thuế liên huyện Triệu Hải
2275,3200642049,Công ty TNHH MTV Lâm sản Quảng Trị,"Lô CX cụm CN Dịch vụ Tân Trang, xã Cam Thành, huyện Cam Lộ, tỉnh Quảng Trị",Đội Thuế liên huyện Đông Hà - Cam Lộ
2276,3200125227,Công ty Trách nhiệm hữu hạn Điện Tử Viễn Thông Quỳnh Phong,"Số 08 Trần Quốc Toản, phường 1, TP Đông Hà, tỉnh Quảng Trị",Chi cục Thuế khu vực XI
2277,0107861393-036,Chi nhánh Công ty TNHH Dịch vụ và Thương mại An Thành tại Quảng Trị,"Số 128 quốc lộ 9, Khu phố 5, phường 1, TP Đông Hà, tỉnh Quảng Trị",Chi cục Thuế khu vực XI
2278,3200221516-001,Chi nhánh Công ty TNHH TM và Dịch vụ Cát Tường,"Đường 9, Khóm 3B, thị trấn Khe Sanh, huyện Hướng Hoá, tỉnh Quảng Trị",Chi cục Thuế khu vực XI
2279,3200657239,Công ty TNHH MTV QT Hoàng Quân,"Khu phố Đại Áng, phường Đông Lương, TP Đông Hà, tỉnh Quảng Trị",Chi cục Thuế khu vực XI
2280,3200596875,Công ty Trách nhiệm hữu hạn Một thành viên Ngọc Uy,"Số 84 Trần Hưng Đạo, phường 1, TP Đông Hà, tỉnh Quảng Trị",Chi cục Thuế khu vực XI
2281,3200657711,Công ty TNHH QT Minh Điền,"Số 07 Kiệt 149 Tôn Thất Thuyết, phường 5, TP Đông Hà, tỉnh Quảng Trị",Chi cục Thuế khu vực XI
2282,0105010157-001,Chi nhánh Công ty Cổ phần Đầu tư Phát triển Công nghệ và Thương mại Hcom tại Quảng Trị,"Đường Đoàn Khuê, Khu phố 2, phường 5, TP Đông Hà, tỉnh Quảng Trị",Chi cục Thuế khu vực XI
2283,3200125315,Mag Quảng Trị,"Trung tâm phục vụ đối ngoại Quảng Trị, khu phố 1, phường Đông Lễ, TP Đông Hà, tỉnh Quảng Trị",Chi cục Thuế khu vực XI
2284,3200201365,Công ty TNHH Một thành viên Ngọc Anh Quảng Trị,"Thôn An Khê, xã Gio Sơn, huyện Gio Linh, tỉnh Quảng Trị",Đội Thuế liên huyện Vĩnh Linh - Gio Linh
2285,3200638959,Công ty TNHH Một thành viên Ô tô Thương mại Quảng Trị,"Quốc Lộ 1A, Thôn An Bình, xã Thanh An, huyện Cam Lộ, tỉnh Quảng Trị",Đội Thuế liên huyện Đông Hà - Cam Lộ
2286,3200640475,"BQL tiểu dự án Quỹ toàn cầu phòng, chống lao tỉnh Quảng Trị giai đoạn 2021-2023","Km4 đường Điện Biên Phủ, phường Đông Lễ, TP Đông Hà, tỉnh Quảng Trị",Chi cục Thuế khu vực XI
2287,3200719982,Công ty TNHH Mdf An Thịnh Phát,"Số 61 Huỳnh Thúc Kháng, khu phố 1, phường Đông Lễ, TP Đông Hà, tỉnh Quảng Trị",Đội Thuế liên huyện Đông Hà - Cam Lộ
2288,3200604685,Công ty Trách nhiệm hữu hạn Adoha,"258 Lê Duẩn, phường Đông Lễ, TP Đông Hà, tỉnh Quảng Trị",Đội Thuế liên huyện Đông Hà - Cam Lộ
2289,3200146354,Công ty Trách nhiệm hữu hạn Thương mại và Xây dựng Hoàng Phú,"Cụm Công nghiệp Hải Lệ, xã Hải Lệ, thị xã Quảng Trị, tỉnh Quảng Trị",Đội Thuế liên huyện Triệu Hải
2290,3200711849,Công ty TNHH Một thành viên Dầu Khí Đông Phương Miền Trung,"124 Lê Duẩn, phường 1, thị xã Quảng Trị, tỉnh Quảng Trị",Chi cục Thuế khu vực XI
2291,3300362221-001,Chi nhánh Doanh nghiệp tư nhân Hồng Phượng,"Khóm Đông Chín, thị trấn Lao Bảo, huyện Hướng Hoá, tỉnh Quảng Trị",Đội Thuế liên huyện Hướng Hóa - Đakrông
2292,3200628608,Công ty Trách nhiệm hữu hạn Một thành viên Khánh Việt Hương,"Thôn Tây Trường, xã Vĩnh Chấp, huyện Vĩnh Linh, tỉnh Quảng Trị",Đội Thuế liên huyện Vĩnh Linh - Gio Linh
2293,3200627675,Công ty TNHH Một thành viên Kinh doanh Dịch vụ Thái Bình,"Khu phố 8, phường 5, TP Đông Hà, tỉnh Quảng Trị",Đội Thuế liên huyện Đông Hà - Cam Lộ
2294,3200263682,Công ty Trách nhiệm hữu hạn Một thành viên Đình Hùng,"Thôn Long Hợp, xã Tân Long, huyện Hướng Hoá, tỉnh Quảng Trị",Đội Thuế liên huyện Hướng Hóa - Đakrông
2295,3200153111,Dự Án Renew,"18 Nguyễn Cơ Thạch, phường Đông Lễ, TP Đông Hà, tỉnh Quảng Trị",Chi cục Thuế khu vực XI
2296,3200286802,Công ty TNHH MTV Ngọc Tuấn Cửa Tùng,"Khu phố An Hòa 1, thị trấn Cửa Tùng, huyện Vĩnh Linh, tỉnh Quảng Trị",Đội Thuế liên huyện Vĩnh Linh - Gio Linh
2297,3200595261,Công ty Cổ phần Vianbico,"116 Trần Hưng Đạo, phường 1, TP Đông Hà, tỉnh Quảng Trị",Đội Thuế liên huyện Đông Hà - Cam Lộ
2298,3200172428,Công ty Cổ phần Trường Danh,"Thôn Hà Thanh, xã Gio Châu, huyện Gio Linh, tỉnh Quảng Trị",Đội Thuế liên huyện Vĩnh Linh - Gio Linh
2299,3200719679,Công ty TNHH Một thành viên 68 Khánh My,"Khóm Cao Việt, thị trấn Lao Bảo, huyện Hướng Hoá, tỉnh Quảng Trị",Chi cục Thuế khu vực XI
2300,3200041908,Công ty Cổ phần Nước sạch Quảng Trị,"Số 02 Nguyễn Trãi, phường 1, TP Đông Hà, tỉnh Quảng Trị",Chi cục Thuế khu vực XI
2301,3200534075,Công ty Trách nhiệm hữu hạn Một thành viên Hoài Bảo Trân,"Khu phố Lập Thạch, phường Đông Lễ, TP Đông Hà, tỉnh Quảng Trị",Đội Thuế liên huyện Đông Hà - Cam Lộ
2302,3200631086,Công ty TNHH MTV Hiếu Anh Quảng Trị,"Lô 9+10 Cụm Công nghiệp Tân Trang, xã Cam Thành, huyện Cam Lộ, tỉnh Quảng Trị",Đội Thuế liên huyện Đông Hà - Cam Lộ
2303,3200630678,Công ty TNHH Ván Gỗ Thuận An,"Khu Công nghiệp Quán Ngang, xã Gio Quang, huyện Gio Linh, tỉnh Quảng Trị",Chi cục Thuế khu vực XI
2304,3200700357,Công ty Cổ phần Khoáng sản Hataco,"Phòng số 2, số nhà 10/12 Nguyễn Thượng Hiền, Khu phố 3, phường 2, TP Đông Hà, tỉnh Quảng Trị",Đội Thuế liên huyện Đông Hà - Cam Lộ
2305,3301419294-001,CN C Ty TNHH Máy tính Quang Long tại Quảng Trị,"Số 20 đường Hùng Vương, phường 1, TP Đông Hà, tỉnh Quảng Trị",Chi cục Thuế khu vực XI
2306,3200708204,Công ty TNHH Lâm Sản Hà Phương,"Thôn Minh Phước, xã Vĩnh Sơn, huyện Vĩnh Linh, tỉnh Quảng Trị",Đội Thuế liên huyện Vĩnh Linh - Gio Linh
2307,3200295349,Công ty Cổ phần Dream,"Khóm 3A, thị trấn Khe Sanh, huyện Hướng Hoá, tỉnh Quảng Trị",Đội Thuế liên huyện Hướng Hóa - Đakrông
2308,3200471234,Công ty TNHH Một thành viên Thương mại Dịch vụ Xây dựng Triệu Long,"Thôn Bích Khê, xã Triệu Long, huyện Triệu Phong, tỉnh Quảng Trị",Đội Thuế liên huyện Triệu Hải
2309,3200263241,Công ty Trách nhiệm hữu hạn Một thành viên Đức Quang,"Khóm trung chín thị trấn lao bảo, huyện Hướng Hoá, tỉnh Quảng Trị",Đội Thuế liên huyện Hướng Hóa - Đakrông
2310,3200046790,Công ty TNHH Thương mại Dịch vụ Đường 9,"Khóm 3A, thị trấn Khe Sanh, huyện Hướng Hoá, tỉnh Quảng Trị",Đội Thuế liên huyện Hướng Hóa - Đakrông
2311,3200435282,Công ty TNHH Một thành viên Gỗ Thu Hằng,"Thôn Thượng Xá, xã Hải Thượng, huyện Hải Lăng, tỉnh Quảng Trị",Đội Thuế liên huyện Triệu Hải
2312,3200467848,Công ty TNHH Một thành viên Tư Trang,"437/10 Lê Duẩn, phường Đông Lễ, TP Đông Hà, tỉnh Quảng Trị",Đội Thuế liên huyện Đông Hà - Cam Lộ
2313,3200708395,Công ty Cổ phần Bê Tông Đoàn Minh Tâm,"Thôn Lương Lễ, xã Tân Hợp, huyện Hướng Hoá, tỉnh Quảng Trị",Đội Thuế liên huyện Hướng Hóa - Đakrông
2314,3200225694,Công ty Trách nhiệm hữu hạn Thương mại - Dịch vụ Hoàng Oanh,"Số 06 Thành Công, phường 2, thị xã Quảng Trị, tỉnh Quảng Trị",Đội Thuế liên huyện Triệu Hải
2315,3200234071,Công ty Trách nhiệm hữu hạn Thịnh Nhi,"Đường Huyền Trân Công Chúa, thị trấn Hồ Xá, huyện Vĩnh Linh, tỉnh Quảng Trị",Đội Thuế liên huyện Vĩnh Linh - Gio Linh
2316,3200694167,Công ty TNHH QT Thuận Phát,"Kiệt 14 Trần Nhật Duật, phường 1, TP Đông Hà, tỉnh Quảng Trị",Chi cục Thuế khu vực XI
2317,3200414349,Công ty Trách nhiệm hữu hạn Lộc Phú,"8 Phan Chu Trinh, thị trấn Khe Sanh, huyện Hướng Hoá, tỉnh Quảng Trị",Đội Thuế liên huyện Hướng Hóa - Đakrông
2318,3200287429,Công ty Cổ phần Thương mại và Dịch vụ Vận tải Nguyên Minh,"Thôn An Tiêm, xã Triệu thành,, huyện Triệu Phong, tỉnh Quảng Trị",Đội Thuế liên huyện Triệu Hải
2319,3200728232,Công ty Trách nhiệm hữu hạn Hằng Mi,"Số 09 Trần Phú, thị trấn Lao Bảo, huyện Hướng Hoá, tỉnh Quảng Trị",Chi cục Thuế khu vực XI
2320,3200560780,Công ty Trách nhiệm hữu hạn Một thành viên Xây dựng Hải Ba,"Khóm 7, thị trấn Diên Sanh, huyện Hải Lăng, tỉnh Quảng Trị",Đội Thuế liên huyện Triệu Hải
2321,3200271436,Công ty Trách nhiệm hữu hạn Một thành viên Đức Thuận,"Khóm Lao động, thị trấn Hồ Xá, huyện Vĩnh Linh, tỉnh Quảng Trị",Đội Thuế liên huyện Vĩnh Linh - Gio Linh
2322,3200570034,Công ty Trách nhiệm hữu hạn Một thành viên Hào Lan,"Khóm 4, thị trấn Khe Sanh, huyện Hướng Hoá, tỉnh Quảng Trị",Đội Thuế liên huyện Hướng Hóa - Đakrông
2323,3200643130,Công ty Trách nhiệm hữu hạn QT Thảo Bình,"Thôn Lan Đình, xã Phong Bình, huyện Gio Linh, tỉnh Quảng Trị",Đội Thuế liên huyện Vĩnh Linh - Gio Linh
2324,3200540336,Công ty Trách nhiệm hữu hạn Một thành viên Minh Quân Max,"Khóm 2, thị trấn Krông Klang, huyện Đa Krông, tỉnh Quảng Trị",Đội Thuế liên huyện Hướng Hóa - Đakrông
2325,3200689223,Công ty TNHH Hoàng Phong Quảng Trị,"Số nhà 10/74 đường 2/4, khu phố 4, thị trấn Cam Lộ, huyện Cam Lộ, tỉnh Quảng Trị",Đội Thuế liên huyện Đông Hà - Cam Lộ
2326,3200706380,Công ty Cổ phần Thương mại và Dịch vụ Tổng hợp Thủy Ba,"Số nhà 180 đường Lê Duẩn, thị trấn Hồ Xá, huyện Vĩnh Linh, tỉnh Quảng Trị",Đội Thuế liên huyện Vĩnh Linh - Gio Linh
2327,3200260018,Công ty Cổ phần SQ Quảng Trị,"195 Hùng Vương, phường Đông Lễ, TP Đông Hà, tỉnh Quảng Trị",Đội Thuế liên huyện Đông Hà - Cam Lộ
2328,3200474884,Công ty Cổ phần Đam San,"Khu phố 11. Phường 5, Thành phố Đông Hà, phường 1, TP Đông Hà, tỉnh Quảng Trị",Đội Thuế liên huyện Đông Hà - Cam Lộ
2329,3200262745,Công ty Trách nhiệm hữu hạn Một thành viên Đức Nhân Lao Bảo,"Km 83 Quốc lộ 9, Khóm Ka Tăng, thị trấn Lao Bảo, huyện Hướng Hoá, tỉnh Quảng Trị",Đội Thuế liên huyện Hướng Hóa - Đakrông
2330,3200628291,Công ty Cổ phần Vật Liệu và Xây dựng Hướng Hóa,"Thôn Nại Cửu, xã Tân Thành, huyện Hướng Hoá, tỉnh Quảng Trị",Đội Thuế liên huyện Hướng Hóa - Đakrông
2331,3200729028,Công ty TNHH Một thành viên Đại Việt LB,"Khóm Tây Chín, thị trấn Lao Bảo, huyện Hướng Hoá, tỉnh Quảng Trị",Chi cục Thuế khu vực XI
2332,0400101852-006,Xí nghiệp Vận tải và Dịch vụ Tổng hợp Công ty Cổ phần Dịch vụ và Vận tải Ô Tô Số 6,"Số 212 Lê Lợi, phường Đông Lương, TP Đông Hà, tỉnh Quảng Trị",Đội Thuế liên huyện Đông Hà - Cam Lộ
2333,3200578604,Công ty Trách nhiệm hữu hạn Một thành viên Thương mại Vận tải 44,"Số 466 Lê Duẩn, thị trấn Hồ Xá, huyện Vĩnh Linh, tỉnh Quảng Trị",Đội Thuế liên huyện Vĩnh Linh - Gio Linh
2334,3200668865,Công ty TNHH MTV TQT Anh Quân,"Khu phố 8, phường 5, TP Đông Hà, tỉnh Quảng Trị",Đội Thuế liên huyện Đông Hà - Cam Lộ
2335,3200612397,Công ty Cổ phần Bê Tông Vân Phong,"Số 36 Lê Thánh Tông, phường 5, TP Đông Hà, tỉnh Quảng Trị",Đội Thuế liên huyện Đông Hà - Cam Lộ
2336,3200469066,Công ty Cổ phần Tư vấn và Xây dựng HT,"Số nhà 28 Hoàng Diệu, phường 2, thị xã Quảng Trị, tỉnh Quảng Trị",Đội Thuế liên huyện Triệu Hải
2337,3200270993,Công ty Trách nhiệm hữu hạn Một thành viên Lý Len,"Số 259 Trần Hưng Đạo, phường 2, thị xã Quảng Trị, tỉnh Quảng Trị",Đội Thuế liên huyện Triệu Hải
2338,3200660993,Công ty TNHH 4A An Thành Phát,"Số 01 đường 2/4 Khu phố 4, thị trấn Cam Lộ, huyện Cam Lộ, tỉnh Quảng Trị",Đội Thuế liên huyện Đông Hà - Cam Lộ
2339,3200121945,Công ty Trách nhiệm hữu hạn Một thành viên QT Hiền Hoa,"Số 04 Tô Ngọc Vân, phường 1, TP Đông Hà, tỉnh Quảng Trị",Chi cục Thuế khu vực XI
2340,3200640517,Công ty Trách nhiệm hữu hạn Một thành viên Thiên Hùng Hà,"Thôn Phường Cội, xã Cam Thành, huyện Cam Lộ, tỉnh Quảng Trị",Đội Thuế liên huyện Đông Hà - Cam Lộ
2341,3200561230,Công ty Trách nhiệm hữu hạn Một thành viên Xây dựng và Tư vấn Nhật Cường,"Số 150B Nguyễn Du, Khu phố 5, phường 1, TP Đông Hà, tỉnh Quảng Trị",Đội Thuế liên huyện Đông Hà - Cam Lộ
2342,3200526557,Công ty Cổ phần Lâm Sản Cam Lộ,"Thôn Phan Xá Phường, xã Cam Thành, huyện Cam Lộ, tỉnh Quảng Trị",Đội Thuế liên huyện Đông Hà - Cam Lộ
2343,3200693124,Công ty TNHH MTV Ngọc Tiến Đạt,"Số 14 Đường Thành Cổ, Khu phố 1, phường 3, TP Đông Hà, tỉnh Quảng Trị",Chi cục Thuế khu vực XI
2344,3200698429,Công ty Cổ phần ICD Đông Nam,"Tầng 2, Số 150 Quốc lộ 9, phường 1, TP Đông Hà, tỉnh Quảng Trị",Chi cục Thuế khu vực XI
2345,3200710637,Công ty TNHH Solar Kesaf 1,"03 Lê Quý Đôn, phường 1, TP Đông Hà, tỉnh Quảng Trị",Chi cục Thuế khu vực XI
2346,3200632280,Công ty Trách nhiệm hữu hạn 01 TV BH,"Thôn Tân Xuyên, xã Tân Hợp, huyện Hướng Hoá, tỉnh Quảng Trị",Chi cục Thuế khu vực XI
2347,3200613168,Công ty TNHH Dệt May VTJ Toms,"Cụm Công nghiệp Diên Sanh, thị trấn Diên Sanh, huyện Hải Lăng, tỉnh Quảng Trị",Chi cục Thuế khu vực XI
2348,3200574085,Công ty Trách nhiệm hữu hạn Một thành viên Sao Kim Thailand,"345 Trần Bình Trọng, Khu phố 8, phường 5, TP Đông Hà, tỉnh Quảng Trị",Chi cục Thuế khu vực XI
2349,3200721614,Công ty Cổ phần Nông Nghiệp Hữu Cơ Thương mại Quảng Trị,"Tầng 3 Số 01 Phan Bội Châu, phường 1, TP Đông Hà, tỉnh Quảng Trị",Đội Thuế liên huyện Đông Hà - Cam Lộ
2350,3200639800,Công ty Trách nhiệm hữu hạn Một thành viên QT Tân Lộc Khang,"Thôn Nại Cửu, xã Tân Thành, huyện Hướng Hoá, tỉnh Quảng Trị",Chi cục Thuế khu vực XI
2351,3200677411,Công ty TNHH MTV Huỳnh Trọng Phát,"48/5 Nguyễn Du, phường 5, TP Đông Hà, tỉnh Quảng Trị",Chi cục Thuế khu vực XI
2352,3200677281,Công ty TNHH MTV Tâm Minh Thịnh,"48/5 Nguyễn Du, phường 5, TP Đông Hà, tỉnh Quảng Trị",Chi cục Thuế khu vực XI
2353,3200719580,Công ty Trách nhiệm hữu hạn Trương Minh Quân,"Nhà Ông Nguyễn Minh Hợi, thị trấn Lao Bảo, huyện Hướng Hoá, tỉnh Quảng Trị",Chi cục Thuế khu vực XI
2354,3200718315,Công ty Cổ phần Phát triển Năng lượng và Nông nghiệp công nghệ cao Quảng Trị,"Số 3, đường Đội Cấn, phường Đông Lương, TP Đông Hà, tỉnh Quảng Trị",Chi cục Thuế khu vực XI
2355,3200642169,Medipeace,"133 Lý Thường Kiệt, TP Đông Hà, tỉnh Quảng Trị",Chi cục Thuế khu vực XI
2356,3200731267,Công ty TNHH Đình Tuấn Anh,"Số 03 Trần Phú, Khóm Tây Chín, thị trấn Lao Bảo, huyện Hướng Hoá, tỉnh Quảng Trị",Đội Thuế liên huyện Hướng Hóa - Đakrông
2357,3200615398,Công ty Trách nhiệm hữu hạn Một thành viên Nguyễn Tuấn Hoàng,"Số 99 Huỳnh Thúc Kháng, Khu phố 1, phường Đông Lễ, TP Đông Hà, tỉnh Quảng Trị",Chi cục Thuế khu vực XI
2358,3200108729,Công ty Trách nhiệm hữu hạn Thành Hưng,"Khu phố 1, phường Đông Giang, TP Đông Hà, tỉnh Quảng Trị",Chi cục Thuế khu vực XI
2359,3200114289,Công ty Cổ phần Thành An,"Thôn Hà Thanh, xã Gio Châu, huyện Gio Linh, tỉnh Quảng Trị",Chi cục Thuế khu vực XI
2360,3200042203,Công ty Trách nhiệm hữu hạn Một thành viên Xây dựng 384,"Số 495 Quốc Lộ 9, phường 3, TP Đông Hà, tỉnh Quảng Trị",Chi cục Thuế khu vực XI
2361,3200568250,Công ty Trách nhiệm hữu hạn Một thành viên Trần Gia Thịnh Phát,"Khóm Tây Chín, thị trấn Lao Bảo, huyện Hướng Hoá, tỉnh Quảng Trị",Chi cục Thuế khu vực XI
2362,3200258812,Công ty Cổ phần Chế biến và xuất khẩu Quảng Phú,"Khu Công Nghiệp Quán Ngang, xã Gio Quang, huyện Gio Linh, tỉnh Quảng Trị",Chi cục Thuế khu vực XI
2363,3200616338,Công ty Trách nhiệm hữu hạn Một thành viên Phượng Hoàng Đakrông,"Khóm 1, thị trấn Krông Klang, huyện Đa Krông, tỉnh Quảng Trị",Chi cục Thuế khu vực XI
2364,3200628044,Công ty TNHH Một thành viên Dụng Cụ Du lịch Jinquan Việt Nam,"Khu công nghiệp Nam Đông Hà, phường Đông Lương, TP Đông Hà, tỉnh Quảng Trị",Chi cục Thuế khu vực XI
2365,3200133838,Công ty Trách nhiệm hữu hạn Chaichareon Việt - Thái,"Số 22 Lê Hồng Phong, Khóm Tây Chín, thị trấn Lao Bảo, huyện Hướng Hoá, tỉnh Quảng Trị",Chi cục Thuế khu vực XI
2366,3200598865,Công ty Cổ phần Chế Biến Tinh Bột Sắn An Thái,"Thôn An Thái, xã Cam Tuyền, huyện Cam Lộ, tỉnh Quảng Trị",Chi cục Thuế khu vực XI
2367,3200233085,Công ty Trách nhiệm hữu hạn Thương mại và Dịch vụ Tổng hợp Đức Dũng,"Khu K5, đường Trần Bình Trọng, phường Đông Lễ, TP Đông Hà, tỉnh Quảng Trị",Đội Thuế liên huyện Đông Hà - Cam Lộ
2368,3200178282,Công ty Trách nhiệm hữu hạn Mai Hoàng,"Khóm 1, thị trấn Krông Klang, huyện Đa Krông, tỉnh Quảng Trị",Đội Thuế liên huyện Hướng Hóa - Đakrông
2369,3200436293,Công ty Cổ phần Đầu tư Thương mại Xây dựng Đức Phát,"Số 64 Nguyễn Du, phường 5, TP Đông Hà, tỉnh Quảng Trị",Đội Thuế liên huyện Đông Hà - Cam Lộ
2370,3200706990,Công ty Cổ phần Thương mại Phúc Sơn Group,"Tầng 1 số nhà 86A đường Trường Chinh, phường 5, TP Đông Hà, tỉnh Quảng Trị",Chi cục Thuế khu vực XI
2371,3200673061,Công ty Trách nhiệm hữu hạn Mi Phương,"Số 11 Lý Thường Kiệt, thị trấn Lao Bảo, huyện Hướng Hoá, tỉnh Quảng Trị",Chi cục Thuế khu vực XI
2372,3200574053,Công ty Cổ phần Đầu tư Xây dựng Công trình 32,"Khu phố 8, phường 5, TP Đông Hà, tỉnh Quảng Trị",Đội Thuế liên huyện Đông Hà - Cam Lộ
2373,3200289948,Công ty Trách nhiệm hữu hạn Linh Trang,"Số 75 Trần Hưng Đạo, phường 2, thị xã Quảng Trị, tỉnh Quảng Trị",Đội Thuế liên huyện Triệu Hải
2374,3200114264,Công ty TNHH MTV Thương mại Bình Phương,"Quốc lộ 1A, xã Vĩnh Long, huyện Vĩnh Linh, tỉnh Quảng Trị",Đội Thuế liên huyện Vĩnh Linh - Gio Linh
2375,3200401798,Công ty Trách nhiệm hữu hạn Một thành viên Châu Hưng,"116 Trần Hưng Đạo, phường 1, TP Đông Hà, tỉnh Quảng Trị",Đội Thuế liên huyện Đông Hà - Cam Lộ
2376,3200279996,Công ty Trách nhiệm hữu hạn Một thành viên Thương mại Giang Loan,"Số 126 Trần Hưng Đạo, phường 3, thị xã Quảng Trị, tỉnh Quảng Trị",Đội Thuế liên huyện Triệu Hải
2377,3200222196,Công ty Trách nhiệm hữu hạn Đầu tư Xây dựng và Thương mại Hải Hoa,"Đường Lê Duẩn, thị trấn Hồ Xá, huyện Vĩnh Linh, tỉnh Quảng Trị",Đội Thuế liên huyện Vĩnh Linh - Gio Linh
2378,3200643564,Công ty TNHH Thu Nghĩa,"Thôn Long Hưng, xã Hải Phú, huyện Hải Lăng, tỉnh Quảng Trị",Đội Thuế liên huyện Triệu Hải
2379,3200629908,Công ty TNHH Một thành viên Tôn Thép Chiến Phượng,"số 100 Đường Hùng Vương, thị trấn Diên Sanh, huyện Hải Lăng, tỉnh Quảng Trị",Đội Thuế liên huyện Triệu Hải
2380,3200587655,Công ty Trách nhiệm hữu hạn Một thành viên Wood Pellets Triệu Phong,"Cụm công nghiệp Ái Tử, thị trấn ái Tử, huyện Triệu Phong, tỉnh Quảng Trị",Đội Thuế liên huyện Triệu Hải
2381,3200148256,Công ty TNHH Một thành viên Gỗ Nguyên Phong,"Thôn Ái Tử, xã Triệu ái, huyện Triệu Phong, tỉnh Quảng Trị",Đội Thuế liên huyện Triệu Hải
2382,3200133933,Công ty Trách nhiệm hữu hạn Xây dựng Đồng Tiến 1,"Quốc lộ 1A, thị trấn ái Tử, huyện Triệu Phong, tỉnh Quảng Trị",Đội Thuế liên huyện Triệu Hải
2383,3200133193,Công ty Trách nhiệm hữu hạn Việt Tâm,"Số nhà 97 đường Nguyễn Huệ, phường 1, TP Đông Hà, tỉnh Quảng Trị",Đội Thuế liên huyện Đông Hà - Cam Lộ
2384,3200112468,Công ty Trách nhiệm hữu hạn Thương mại và Dịch vụ Quỳnh Trần,"42 Ông Ích Khiêm, phường 1, TP Đông Hà, tỉnh Quảng Trị",Đội Thuế liên huyện Đông Hà - Cam Lộ
2385,3200147171,Công ty Cổ phần Đầu tư Xây dựng Đại Hồng,"28 Đoàn Khuê, phường 5, TP Đông Hà, tỉnh Quảng Trị",Đội Thuế liên huyện Đông Hà - Cam Lộ
2386,3200145657,Công ty Trách nhiệm hữu hạn Một thành viên Thúy Nhân,"Số 285 đường Lê Duẩn, phường Đông Lễ, TP Đông Hà, tỉnh Quảng Trị",Đội Thuế liên huyện Đông Hà - Cam Lộ
2387,3200125918,Công ty TNHH Một thành viên An Thịnh,"Đường Hoàng Thị Ái, Khu phố 8, phường 5, TP Đông Hà, tỉnh Quảng Trị",Đội Thuế liên huyện Đông Hà - Cam Lộ
2388,3200040982-003,Khách Sạn Đông Trường Sơn,"Km3 Quốc lộ 9, TP Đông Hà, tỉnh Quảng Trị",Đội Thuế liên huyện Đông Hà - Cam Lộ
2389,3200252955,Công ty TNHH Một thành viên Toàn Phát Quảng Trị,"Số 53 Tôn Thất Thuyết, phường 5, TP Đông Hà, tỉnh Quảng Trị",Đội Thuế liên huyện Đông Hà - Cam Lộ
2390,3200288817,Công ty Cổ phần Việt Tín,"Số 93 Đường Nguyễn Trãi, phường 1, TP Đông Hà, tỉnh Quảng Trị",Đội Thuế liên huyện Đông Hà - Cam Lộ
2391,3200437466,Công ty Trách nhiệm hữu hạn Habico,"02 An Dương Vương, phường Đông Thanh, TP Đông Hà, tỉnh Quảng Trị",Đội Thuế liên huyện Đông Hà - Cam Lộ
2392,3200511247,Công ty Trách nhiệm hữu hạn Xây dựng Tổng hợp Số 8,"Số 66B Lê Thế Hiếu, phường 1, TP Đông Hà, tỉnh Quảng Trị",Đội Thuế liên huyện Đông Hà - Cam Lộ
2393,3200642105,Công ty Trách nhiệm hữu hạn Xuất nhập khẩu Hoàng Dũng Quảng Trị,"Số 368 đường Lê Duẩn, phường Đông Lương, TP Đông Hà, tỉnh Quảng Trị",Đội Thuế liên huyện Đông Hà - Cam Lộ
2394,3200270979,Công ty Cổ phần Đầu tư Sài Gòn,"Đường Lê Duẩn, Khu Phố 3, phường An Đôn, thị xã Quảng Trị, tỉnh Quảng Trị",Đội Thuế liên huyện Triệu Hải
2395,3200276963,Công ty Trách nhiệm hữu hạn Một thành viên Thương mại Phước Dũng,"Số 181 Trần Hưng Đạo, phường 2, thị xã Quảng Trị, tỉnh Quảng Trị",Đội Thuế liên huyện Triệu Hải
2396,3200295250,Doanh nghiệp tư nhân Nguyễn Danh,"Số 114 Lê Duẩn, Khu phố 2, phường 1, thị xã Quảng Trị, tỉnh Quảng Trị",Đội Thuế liên huyện Triệu Hải
2397,3200361577,Công ty Trách nhiệm hữu hạn Mai Dũng,"Số 07 Trần Hưng Đạo, phường 3, thị xã Quảng Trị, tỉnh Quảng Trị",Đội Thuế liên huyện Triệu Hải
2398,3200548889,Công ty Trách nhiệm hữu hạn Một thành viên Lê Quang Hạnh,"Khu phố 3, phường 2, thị xã Quảng Trị, tỉnh Quảng Trị",Đội Thuế liên huyện Triệu Hải
2399,3200076178,Công ty TNHH Một thành viên Trần Xuân Hồng,"Khu phố Lao động -Hồ xá, huyện Vĩnh Linh, tỉnh Quảng Trị",Đội Thuế liên huyện Vĩnh Linh - Gio Linh
2400,3200174721,Công ty Trách nhiệm hữu hạn Thương mại Tổng hợp Hiếu Thịnh,"Khóm Hữu Nghị, thị trấn Hồ Xá, huyện Vĩnh Linh, tỉnh Quảng Trị",Đội Thuế liên huyện Vĩnh Linh - Gio Linh
2401,3200233889,Công ty Trách nhiệm hữu hạn Bình Minh,"Số 15 Đinh Tiên Hoàng, Khu phố 1, thị trấn Hồ Xá, huyện Vĩnh Linh, tỉnh Quảng Trị",Đội Thuế liên huyện Vĩnh Linh - Gio Linh
2402,3200591330,Công ty Trách nhiệm hữu hạn Một thành viên Hùng Thịnh Thành,"Đường Lê Duẩn, thị trấn Hồ Xá, huyện Vĩnh Linh, tỉnh Quảng Trị",Đội Thuế liên huyện Vĩnh Linh - Gio Linh
2403,3200610336,Công ty Trách nhiệm hữu hạn Một thành viên Võ Mạnh Linh,"Số 230 đường Lê Duẩn, thị trấn Hồ Xá, huyện Vĩnh Linh, tỉnh Quảng Trị",Đội Thuế liên huyện Vĩnh Linh - Gio Linh
2404,3200195922,Công ty Trách nhiệm hữu hạn Tiến Cường,"Đường Quốc lộ 1A, thôn Gia Môn, xã Phong Bình, huyện Gio Linh, tỉnh Quảng Trị",Đội Thuế liên huyện Vĩnh Linh - Gio Linh
2405,3200306110,Công ty Trách nhiệm hữu hạn Một thành viên Tuấn Hưng,"Thôn Gia Môn, xã Phong Bình, huyện Gio Linh, tỉnh Quảng Trị",Đội Thuế liên huyện Vĩnh Linh - Gio Linh
2406,3200516340,Công ty Cổ phần Tư vấn và Xây dựng Tài Nguyên Quảng Trị,"km6 Quốc lộ 9, Đội 10, xã Gio Quang, huyện Gio Linh, tỉnh Quảng Trị",Đội Thuế liên huyện Vĩnh Linh - Gio Linh
2407,3200572803,Công ty Trách nhiệm hữu hạn Một thành viên Tư vấn và Xây Lắp Điện 68,"Số 100 đường 2 tháng 4, Khu phố 9, thị trấn Gio Linh, huyện Gio Linh, tỉnh Quảng Trị",Đội Thuế liên huyện Vĩnh Linh - Gio Linh
2408,3200294313,Công ty TNHH MTV Quốc Bảo,"Km 10 quốc lộ 9, xã Cam Hiếu, huyện Cam Lộ, tỉnh Quảng Trị",Đội Thuế liên huyện Đông Hà - Cam Lộ
2409,3200512593,Công ty TNHH Thiên Ân Phát Quảng Trị,"Cụm công nghiệp Cam Thành, xã Cam Thành, huyện Cam Lộ, tỉnh Quảng Trị",Đội Thuế liên huyện Đông Hà - Cam Lộ
2410,3200492795,Công ty Trách nhiệm hữu hạn Một thành viên Kim Uyên Quảng Trị,"Km 68, thôn Tân Hòa, xã Tân Liên, huyện Hướng Hoá, tỉnh Quảng Trị",Đội Thuế liên huyện Hướng Hóa - Đakrông
2411,3200481401,Công ty Trách nhiệm hữu hạn Một thành viên Tư vấn và Xây dựng TL8,"Cụm công nghiệp Cam Hiếu, xã Cam Hiếu, huyện Cam Lộ, tỉnh Quảng Trị",Đội Thuế liên huyện Đông Hà - Cam Lộ
2412,3200476433,Công ty Trách nhiệm hữu hạn Một thành viên Xây dựng Quang Sáu,"Nhà ông Phan Văn Nhơn, Đội 5, Thôn Thượng Xá, xã Hải Thượng, huyện Hải Lăng, tỉnh Quảng Trị",Đội Thuế liên huyện Triệu Hải
2413,3200591394,Công ty Trách nhiệm hữu hạn Một thành viên Xây dựng Hiếu Sang,"Thôn Phú Hưng, xã Hải Phú, huyện Hải Lăng, tỉnh Quảng Trị",Đội Thuế liên huyện Triệu Hải
2414,3200492957,Công ty Trách nhiệm hữu hạn Một thành viên Mạnh Quân Quảng Trị,"Thôn Tân Hòa, xã Tân Liên, huyện Hướng Hoá, tỉnh Quảng Trị",Đội Thuế liên huyện Hướng Hóa - Đakrông
2415,3200640228,Công ty Trách nhiệm hữu hạn Một thành viên 68 Toàn Tiến,"Thôn An Tiêm, xã Tân Thành, huyện Hướng Hoá, tỉnh Quảng Trị",Đội Thuế liên huyện Hướng Hóa - Đakrông
2416,3200726362,Công ty TNHH Sangshin Central Việt Nam,"Lô CN3, Cụm công nghiệp Đông Ái Tử, thị trấn ái Tử, huyện Triệu Phong, tỉnh Quảng Trị",Chi cục Thuế khu vực XI
2417,3200610840,Công ty Trách nhiệm hữu hạn ATVN,"Số 552 Lê Duẩn, phường Đông Lương, TP Đông Hà, tỉnh Quảng Trị",Chi cục Thuế khu vực XI
2418,3200731387,Công ty TNHH QT 97,"Số 97 Huỳnh Thúc Kháng, phường Đông Lễ, TP Đông Hà, tỉnh Quảng Trị",Đội Thuế liên huyện Đông Hà - Cam Lộ
2419,3200560526,Công ty Trách nhiệm hữu hạn Một thành viên Diệu Lê Quảng Trị,"Số 106 Nguyễn Du, phường 5, TP Đông Hà, tỉnh Quảng Trị",Chi cục Thuế khu vực XI
2420,3200732542,Công ty Trách nhiệm hữu hạn BH Tiến Minh,"Thôn Tân Xuyên, xã Tân Hợp, huyện Hướng Hoá, tỉnh Quảng Trị",Đội Thuế liên huyện Hướng Hóa - Đakrông
2421,3200411274,Công ty Cổ phần Xây dựng Vinacon,"Số 334 đường Trần Bình Trọng, phường 5, TP Đông Hà, tỉnh Quảng Trị",Chi cục Thuế khu vực XI
2422,3200642793,Công ty Trách nhiệm hữu hạn QT Hoàng Ngọc,"96 Nguyễn Trải, phường 1, TP Đông Hà, tỉnh Quảng Trị",Chi cục Thuế khu vực XI
2423,3200722801,Công ty Cổ phần Logistics PTS Việt Nam,"150 Quốc lộ 9, phường 1, TP Đông Hà, tỉnh Quảng Trị",Chi cục Thuế khu vực XI
2424,3200011445,Công ty TNHH Sơn Hải Thủy điện Quảng Trị,"Thôn Ta Liêng, xã Đa Krông, huyện Đa Krông, tỉnh Quảng Trị",Chi cục Thuế khu vực XI
2425,3200720113,Công ty TNHH Thương mại Dịch vụ Xuất nhập khẩu Minh Quân Tiến,"Khóm Tây Chín, thị trấn Lao Bảo, huyện Hướng Hoá, tỉnh Quảng Trị",Chi cục Thuế khu vực XI
2426,3200565059,Công ty Trách nhiệm hữu hạn Một thành viên Phước Trường Quang Minh,"Tầng 1, số nhà 04 đường Tôn Thất Thuyết, phường 5, TP Đông Hà, tỉnh Quảng Trị",Chi cục Thuế khu vực XI
2427,3200311329,Công ty Trách nhiệm hữu hạn Một thành viên Khang Nguyên,"Lô số 01, Số nhà 07 Trần Hưng Đạo, phường 1, TP Đông Hà, tỉnh Quảng Trị",Chi cục Thuế khu vực XI
2428,3200721389,Công ty Cổ phần Đầu tư và Phát triển Hạ Tầng Bảo Bình,"150 Quốc Lộ 9, phường 1, TP Đông Hà, tỉnh Quảng Trị",Chi cục Thuế khu vực XI
2429,3200720667,Công ty TNHH Thương mại Dịch vụ LB Đăng Phong,"Khu Tái định cư, khóm Vĩnh Đông, thị trấn Lao Bảo, huyện Hướng Hoá, tỉnh Quảng Trị",Chi cục Thuế khu vực XI
2430,3200725827,Công ty Cổ phần Dệt may Nam Long,"22A/97 Lý Thường Kiệt, phường Đông Lương, TP Đông Hà, tỉnh Quảng Trị",Chi cục Thuế khu vực XI
2431,3200730143,Công ty Cổ phần Thương mại Dịch vụ Vận tải Delta Việt Nam,"Số 22 Đào Duy Từ, phường 1, TP Đông Hà, tỉnh Quảng Trị",Chi cục Thuế khu vực XI
2432,3300101300-004,Chi nhánh Công ty Cổ phần Vicem Thạch cao xi măng tại Quảng Trị,"Số 400 Lê Duẩn, phường Đông Lương, TP Đông Hà, tỉnh Quảng Trị",Chi cục Thuế khu vực XI
2433,3200708476,Công ty Trách nhiệm hữu hạn Dầu Khí Quảng Trị,"Khu công nghiệp Nam Đông Hà, phường Đông Lương, TP Đông Hà, tỉnh Quảng Trị",Chi cục Thuế khu vực XI
2434,3200725640,Công ty TNHH MTV Duy Tiến,"642 Quốc lộ 9, phường 4, TP Đông Hà, tỉnh Quảng Trị",Chi cục Thuế khu vực XI
2435,3200707835,Công ty Trách nhiệm hữu hạn Một thành viên Thảo Ngọc Nhi,"Thôn Phú Hậu, xã Thanh An, huyện Cam Lộ, tỉnh Quảng Trị",Chi cục Thuế khu vực XI
2436,3200730305,Công ty Trách nhiệm hữu hạn Một thành viên Thương mại và Dịch vụ Phúc Thành Phát,"Số 111, Trần Hưng Đạo, Khu phố 3, phường 1, TP Đông Hà, tỉnh Quảng Trị",Chi cục Thuế khu vực XI
2437,3200729980,Công ty TNHH Một thành viên QT Mai Anh Tuấn,"Thôn An Bình, xã Thanh An, huyện Cam Lộ, tỉnh Quảng Trị",Chi cục Thuế khu vực XI
2438,3200177426,Công ty Trách nhiệm hữu hạn Thanh Trường,"Số nhà 85 đường Nguyễn Trãi, phường 1, TP Đông Hà, tỉnh Quảng Trị",Chi cục Thuế khu vực XI
2439,3200310773,Công ty TNHH Một thành viên Thanh Phú,"167 Quốc lộ 1A, Phường Đông Thanh, TP Đông Hà, tỉnh Quảng Trị",Chi cục Thuế khu vực XI
2440,3200567634,Công ty Trách nhiệm hữu hạn Một thành viên Việt Khải Hưng,"Số 19 Nguyễn Công Trứ, phường 5, TP Đông Hà, tỉnh Quảng Trị",Chi cục Thuế khu vực XI
2441,0300608092-107,Ngân hàng Thương mại Cổ phần Phát triển Thành phố Hồ Chí Minh - Chi nhánh Quảng Trị,"Số 102 Quốc lộ 9, phường 1, TP Đông Hà, tỉnh Quảng Trị",Chi cục Thuế khu vực XI
2442,3200721195,Công ty Cổ phần Bao bì Carton Quảng Trị,"Cụm công nghiệp Hải Lệ, xã Hải Lệ, thị xã Quảng Trị, tỉnh Quảng Trị",Đội Thuế liên huyện Triệu Hải
2443,3200148175,Công ty Trách nhiệm hữu hạn Thương mại Dịch vụ kỹ thuật Hồng Ngọc,"Đường K1 - Khu Công nghiệp Nam Đông Hà, phường Đông Lương, TP Đông Hà, tỉnh Quảng Trị",Đội Thuế liên huyện Đông Hà - Cam Lộ
2444,3200730263,Công ty TNHH Một thành viên Thương mại Nhật Anh Khoa,"123B – Nguyễn Trãi, phường 1, TP Đông Hà, tỉnh Quảng Trị",Chi cục Thuế khu vực XI
2445,3200729116,Công ty TNHH Dịch vụ và Thương mại Quỳnh Anh,"Số 90/6 Lê Lợi, phường Đông Lễ, TP Đông Hà, tỉnh Quảng Trị",Chi cục Thuế khu vực XI
2446,3200630276,Công ty Trách nhiệm hữu hạn Dược Đồng Tâm,"26 Hải Thượng Lãn Ông, phường 5, TP Đông Hà, tỉnh Quảng Trị",Chi cục Thuế khu vực XI
2449,3200733426,Công ty TNHH Thương mại - Dịch vụ Phú Đức Long,"127 Quốc Lộ 9, khóm Trung Chín, thị trấn Lao Bảo, huyện Hướng Hoá, tỉnh Quảng Trị",Đội Thuế liên huyện Hướng Hóa - Đakrông
2450,3200492964,Công ty Trách nhiệm hữu hạn một thành viên Ninh Ninh,"Số 252 Quốc lộ 9, phường 3, TP Đông Hà, tỉnh Quảng Trị",Chi cục Thuế khu vực XI
2451,3200631738,Công ty TNHH MTV Nhất Tâm Phúc,"Số 11 Đào Duy Anh, phường Đông Lương, TP Đông Hà, tỉnh Quảng Trị",Chi cục Thuế khu vực XI
1603,3200289144,Công ty Trách nhiệm hữu hạn Một thành viên Thương mại Lam Sơn,"Số 09D Hàm Nghi, phường 1, TP Đông Hà, tỉnh Quảng Trị",Chi cục Thuế khu vực XI
2455,3200271281,Công ty Trách nhiệm hữu hạn Một thành viên Thương mại tổng hợp Hưng Thái,"49 Nguyễn Hoàng, phường 1, thị xã Quảng Trị, tỉnh Quảng Trị",Đội Thuế liên huyện Triệu Hải
2453,3200732359,Công ty Trách nhiệm hữu hạn Bi Biên,"Số 01 Trần Phú, thị trấn Lao Bảo, huyện Hướng Hoá, tỉnh Quảng Trị",Đội Thuế liên huyện Hướng Hóa - Đakrông
2457,3200267221,Công ty TNHH Một thành viên Phước Anh Quảng Trị,"Thôn Tiên Mỹ, xã Vĩnh Lâm, huyện Vĩnh Linh, tỉnh Quảng Trị",Đội Thuế liên huyện Vĩnh Linh - Gio Linh
2458,3200607037,Công ty Trách nhiệm hữu hạn Một thành viên Đức Quang Quảng Trị,"Số 27 Nguyễn Chí Thanh, phường 5, TP Đông Hà, tỉnh Quảng Trị",Đội Thuế liên huyện Đông Hà - Cam Lộ
2460,3200728433,Công ty Cổ phần Chăn nuôi Dương Gia Quảng Trị,"Số 48/5 Phan Chu Trinh, Khu phố 1, Phường 1, TP Đông Hà, tỉnh Quảng Trị",Chi cục Thuế khu vực XI
2463,3200725136,Công ty Trách nhiệm hữu hạn Một thành viên Thương mại Dịch vụ Hải Hà Phát,"Số 10 Nguyễn Thị Minh Khai, thị trấn Hồ Xá, huyện Vĩnh Linh, tỉnh Quảng Trị",Đội Thuế liên huyện Vĩnh Linh - Gio Linh
2472,4300603574-019,Chi nhánh Công ty CP Xăng dầu dầu khí PV Oil Miền Trung tại Quảng Trị,"Quốc  lộ 1 A, khóm 9, thị trấn Diên Sanh, huyện Hải Lăng, tỉnh Quảng Trị",Chi cục Thuế khu vực XI
2475,3200730136,Văn phòng luật sư Thượng Pháp,"Tòa nhà Miền trung, đường Điện Biên Phủ, phường Đông Lương, TP Đông Hà, tỉnh Quảng Trị",Chi cục Thuế khu vực XI
2452,3200260346,Công ty TNHH một thành viên Thành Quang,"Đường Trường Chinh, Cụm công nghiệp Đông Ái Tử, thị trấn Ái Tử, huyện Triệu Phong, tỉnh Quảng Trị",Đội Thuế liên huyện Triệu Hải
2454,3200261540,Công ty Trách nhiệm hữu hạn Một thành viên Thương mại tổng hợp và dịch vụ Hồng Nhung,"Số 6/206 Trần Hưng Đạo, khu phố 2, phường 2, thị xã Quảng Trị, tỉnh Quảng Trị",Đội Thuế liên huyện Triệu Hải
2456,3200728440,Công ty TNHH MTV Ô tô Trường Hải Quảng Trị,"Quốc lộ 1, Thôn Phú Mỹ Kiên, xã Triệu Giang, huyện Triệu Phong, tỉnh Quảng Trị",Chi cục Thuế khu vực XI
2459,3200484508,Công ty Trách nhiệm hữu hạn Một thành viên Tịnh Như Phát,"Số 51 Lý Thường Kiệt, phường Đông Lương, TP Đông Hà, tỉnh Quảng Trị",Đội Thuế liên huyện Đông Hà - Cam Lộ
2461,3200144075,Công ty Trách nhiệm hữu hạn Xây dựng Mạnh Linh,"Số 82 đường Ngô Quyền, phường 5, TP Đông Hà, tỉnh Quảng Trị",Đội Thuế liên huyện Đông Hà - Cam Lộ
2462,3200518059,Công ty Cổ phần Lâm Sản Quảng Trị,"Tiểu khu 571-572 Làng thanh niên lập nghiệp Tây Vĩnh Linh, xã Vĩnh Sơn, huyện Vĩnh Linh, tỉnh Quảng Trị",Đội Thuế liên huyện Vĩnh Linh - Gio Linh
2464,3200239249,Công ty Trách nhiệm hữu hạn Một thành viên Hợp Thịnh,"Số 259 Trần Phú, thị trấn Hồ Xá, huyện Vĩnh Linh, tỉnh Quảng Trị",Đội Thuế liên huyện Vĩnh Linh - Gio Linh
2465,3200437515,Công ty TNHH Một thành viên Tâm Phát,"Thôn An Giạ, xã Triệu Độ, huyện Triệu Phong, tỉnh Quảng Trị",Đội Thuế liên huyện Triệu Hải
2466,3200421875,Công ty TNHH Một thành viên Gia Thịnh,"Khu phố 5, phường 2, thị xã Quảng Trị, tỉnh Quảng Trị",Đội Thuế liên huyện Triệu Hải
2467,3200740342,Công ty TNHH Duy Hòa Phát Quảng Trị,"Số nhà 245 Lê Duẩn, khu phố Lương An, phường Đông Lễ, TP Đông Hà, tỉnh Quảng Trị",Đội Thuế liên huyện Đông Hà - Cam Lộ
2468,3200723900,Công ty Cổ phần đầu tư trang trại Tuấn Lộc,"Thôn Xung Phong, xã Vĩnh Khê, huyện Vĩnh Linh, tỉnh Quảng Trị",Chi cục Thuế khu vực XI
2469,3200194245,Công ty TNHH Một thành viên Đức Nhân,"Khóm Khe Xong, thị trấn Krông Klang, huyện Đa Krông, tỉnh Quảng Trị",Đội Thuế liên huyện Hướng Hóa - Đakrông
2470,3200728909,Công ty TNHH SCAVI Quảng Trị,"Khu công nghiệp Tây Bắc Hồ Xá, xã Vĩnh Chấp, huyện Vĩnh Linh, tỉnh Quảng Trị",Chi cục Thuế khu vực XI
2471,3200729772,Công ty TNHH Một thành viên Thương mại Tổng Hợp Hưng Thịnh,"Khóm Trung Chín, thị trấn Lao Bảo, huyện Hướng Hóa, tỉnh Quảng Trị",Chi cục Thuế khu vực XI
2473,3200731669,Công ty trách nhiệm hữu hạn một thành viên Xuất nhập khẩu Việt Nam Khe Sanh,"Thôn Lương Lể, xã Tân Hợp, huyện Hướng Hóa, tỉnh Quảng Trị",Chi cục Thuế khu vực XI
2474,3200602991,Công ty Trách nhiệm hữu hạn Một thành viên HL Bảo Anh,"Đường Bà Triệu, khu phố 2, phường 3, TP Đông Hà, tỉnh Quảng Trị",Chi cục Thuế khu vực XI
2476,3200686374,Công ty TNHH Lộc Đạt Tiến,"Khu phố 2, phường 2, TP Đông Hà, tỉnh Quảng Trị",Chi cục Thuế khu vực XI
2477,4201557126-043,Chi nhánh Công ty TNHH Một thành viên phát triển trang phục phụ nữ kiểu Pháp (Việt Nam),"07 đường Hùng Vương, phường 1, TP Đông Hà, tỉnh Quảng Trị",Chi cục Thuế khu vực XI
2510,3200721879,Công ty TNHH Lucky Star VN,"Khu phố 6, phường 5, TP Đông Hà, tỉnh Quảng Trị",Chi cục Thuế khu vực XI
2511,3200728560,Công ty TNHH MTV xuất nhập khẩu Minh Quân Phát,"Khóm Ka Tăng, thị trấn Lao Bảo, huyện Hướng Hóa, tỉnh Quảng Trị",Chi cục Thuế khu vực XI
2543,3200737364,Công ty Trách nhiệm hữu hạn Thương mại Dịch vụ Đông Đạt,"1/11 Phan Bội Châu, phường 1, TP Đông Hà, tỉnh Quảng Trị",Chi cục Thuế khu vực XI
2576,3200731965,Công ty Cổ phần trang trại Tuấn Lộc Vĩnh Khê,"Thôn Mới, xã Vĩnh Khê, huyện Vĩnh Linh, tỉnh Quảng Trị",Chi cục Thuế khu vực XI
2609,3200731771,Công ty TNHH Một thành viên Đại Long 86,"06 Lê Hồng Phong, thị trấn Lao Bảo, huyện Hướng Hoá, tỉnh Quảng Trị",Chi cục Thuế khu vực XI
2642,3200722488,Công ty Trách nhiệm hữu hạn Một thành viên xây dựng và thương mại Sơn Dũng QT,"18/01 Tôn Thất Tùng, phường 5, TP Đông Hà, tỉnh Quảng Trị",Chi cục Thuế khu vực XI
2675,3200147132,Công ty TNHH Xây lắp mỹ thuật Văn Hải,"Cụm Công nghiệp Hải Thượng, xã Hải Thượng, huyện Hải Lăng, tỉnh Quảng Trị",Đội Thuế liên huyện Triệu Hải
2676,3200266242,Doanh nghiệp tư nhân Hải Thiện,"Thôn Thiện Đông, xã Hải Định, huyện Hải Lăng, tỉnh Quảng Trị",Đội Thuế liên huyện Triệu Hải
2677,3200688653,Công ty TNHH một thành viên AP Logistics,"Số 12/83 Hai Bà Trưng, phường 3, thị xã Quảng Trị, tỉnh Quảng Trị",Đội Thuế liên huyện Triệu Hải
2708,3200730827,Công ty TNHH một thành viên Nhật Tấn Phát,"Thôn Thuận Đầu, xã Hải An, huyện Hải Lăng, tỉnh Quảng Trị",Đội Thuế liên huyện Triệu Hải
2709,3200355823,Công ty Trách nhiệm hữu hạn một thành viên Hoàng Lộc,"Thôn An Trú, xã Triệu Tài, huyện Triệu Phong, tỉnh Quảng Trị",Đội Thuế liên huyện Triệu Hải
2710,3200583001,Công ty Trách nhiệm hữu hạn một thành viên QTH Quảng Trị,"Số 10 Đoàn Khuê, Thị trấn ái Tử, huyện Triệu Phong, tỉnh Quảng Trị",Đội Thuế liên huyện Triệu Hải
2711,3200510388,Công ty Trách nhiệm hữu hạn một thành viên Châu Mỹ Phát,"Số 28B đường Trần Hưng Đạo, phường 3, thị xã Quảng Trị, tỉnh Quảng Trị",Đội Thuế liên huyện Triệu Hải
2741,3200625533,Công ty Trách nhiệm hữu hạn Một thành viên Minh Khánh Hoàng,"Số 126 Lê Duẩn, Tiểu khu 4, thị trấn ái Tử, huyện Triệu Phong, tỉnh Quảng Trị",Chi cục Thuế khu vực XI
2742,3200484917,Công Ty Trách Nhiệm Hữu Hạn Anh Tuấn QT,"Số 03 đường Nguyễn thị Lý, phường 2, thị xã Quảng Trị, tỉnh Quảng Trị",Đội Thuế liên huyện Triệu Hải
2743,3200283858,Công Ty TNHH Một Thành Viên Xây Dựng Mạnh Quỳnh,"Số 232 Trần Hưng Đạo, thị xã Quảng Trị, tỉnh Quảng Trị",Đội Thuế liên huyện Triệu Hải
2744,3200641398,Công ty TNHH Dịch vụ thương mại Đức Xinh,"Thôn Phù Lưu, xã Triệu Long, huyện Triệu Phong, tỉnh Quảng Trị",Đội Thuế liên huyện Triệu Hải
2774,3200054463,Công ty Trách nhiệm hữu hạn Thiện Toàn,"Khu phố 4, phường 2, thị xã Quảng Trị, tỉnh Quảng Trị",Đội Thuế liên huyện Triệu Hải
2775,3200607044,Công ty TNHH Vận tải Phước Thuận Lộc,"Hẻm 03 Quốc lộ 1A, Khu phố 3, phường An Đôn, thị xã Quảng Trị, tỉnh Quảng Trị",Đội Thuế liên huyện Triệu Hải
2776,3200276113,Công ty TNHH Một thành viên Thương mại Toàn Thắng,"Số 58 Lê Duẩn, Khu phố 2, phường 1, thị xã Quảng Trị, tỉnh Quảng Trị",Đội Thuế liên huyện Triệu Hải
2777,3200615253,Công ty Cổ phần Thương mại Phát triển Thái Nguyên,"Thôn Phú Hưng, xã Hải Phú, huyện Hải Lăng, tỉnh Quảng Trị",Đội Thuế liên huyện Triệu Hải
2807,3200177144,Doanh nghiệp tư nhân Hữu Hùng,"Số 85 đường Lê Duẩn, phường 1, thị xã Quảng Trị, tỉnh Quảng Trị",Đội Thuế liên huyện Triệu Hải
2808,3200639134,Công ty TNHH Tư vấn và xây dựng HT Minh Nhật,"Thôn Đại An Khê, xã Hải Thượng, huyện Hải Lăng, tỉnh Quảng Trị",Đội Thuế liên huyện Triệu Hải
2809,3200724037,Công ty TNHH Dịch vụ và Xây dựng Thái Gia Bảo,"21 Nguyễn Hoàng, Khu phố 1, phường 1, thị xã Quảng Trị, tỉnh Quảng Trị",Đội Thuế liên huyện Triệu Hải
2840,3200729003,Công ty TNHH TNQT,"Thôn Duy Phiên, xã Triệu Phước, huyện Triệu Phong, tỉnh Quảng Trị",Đội Thuế liên huyện Triệu Hải
2841,3200720811,Công ty TNHH MTV Nhật Tuấn Transport,"Đội 1, Thôn Ái Tử, xã Triệu Ái, huyện Triệu Phong, tỉnh Quảng Trị",Đội Thuế liên huyện Triệu Hải
2842,3200733095,Công ty TNHH Khang Nguyên GT,"Thôn An Trung Đồng, xã Triệu Độ, huyện Triệu Phong, tỉnh Quảng Trị",Đội Thuế liên huyện Triệu Hải
2873,3200735381,Công ty TNHH Hiếu Lâm QT,"Kiệt 17 Nguyễn Viết Xuân, Khu phố 3, phường 1, thị xã Quảng Trị, tỉnh Quảng Trị",Đội Thuế liên huyện Triệu Hải
2906,3200602381,"Chi cục Thủy lợi và phòng, chống thiên tai tỉnh Quảng Trị","182 Hùng Vương, phường 5, TP Đông Hà, tỉnh Quảng Trị",Chi cục Thuế khu vực XI
